-23,-35,jzsSgE6cHo67vjqs9uTRPwiyaLs=,8/fnVw/Etqclch2B+P0SvVITvds=
-24,-33,jzsSgE6cHo67vjqs9uTRPwiyaLs=,8/fnVw/Etqclch2B+P0SvVITvds=
-23,-34,jzsSgE6cHo67vjqs9uTRPwiyaLs=,8/fnVw/Etqclch2B+P0SvVITvds=
-27,-33,jzsSgE6cHo67vjqs9uTRPwiyaLs=,n7j+045G5Fdxlf8d228hYcEGTXE=
-27,-36,jzsSgE6cHo67vjqs9uTRPwiyaLs=,n7j+045G5Fdxlf8d228hYcEGTXE=
-23,-36,jzsSgE6cHo67vjqs9uTRPwiyaLs=,8/fnVw/Etqclch2B+P0SvVITvds=
-21,-34,jzsSgE6cHo67vjqs9uTRPwiyaLs=,8/fnVw/Etqclch2B+P0SvVITvds=
-21,-33,jzsSgE6cHo67vjqs9uTRPwiyaLs=,8/fnVw/Etqclch2B+P0SvVITvds=
-26,-33,jzsSgE6cHo67vjqs9uTRPwiyaLs=,n7j+045G5Fdxlf8d228hYcEGTXE=
-22,-33,jzsSgE6cHo67vjqs9uTRPwiyaLs=,8/fnVw/Etqclch2B+P0SvVITvds=
-22,-34,jzsSgE6cHo67vjqs9uTRPwiyaLs=,8/fnVw/Etqclch2B+P0SvVITvds=
-21,-36,jzsSgE6cHo67vjqs9uTRPwiyaLs=,8/fnVw/Etqclch2B+P0SvVITvds=
-21,-35,jzsSgE6cHo67vjqs9uTRPwiyaLs=,8/fnVw/Etqclch2B+P0SvVITvds=
-23,-33,jzsSgE6cHo67vjqs9uTRPwiyaLs=,8/fnVw/Etqclch2B+P0SvVITvds=
-22,-35,jzsSgE6cHo67vjqs9uTRPwiyaLs=,8/fnVw/Etqclch2B+P0SvVITvds=
-22,-36,jzsSgE6cHo67vjqs9uTRPwiyaLs=,8/fnVw/Etqclch2B+P0SvVITvds=
-25,-35,jzsSgE6cHo67vjqs9uTRPwiyaLs=,n7j+045G5Fdxlf8d228hYcEGTXE=
-24,-34,jzsSgE6cHo67vjqs9uTRPwiyaLs=,8/fnVw/Etqclch2B+P0SvVITvds=
-25,-36,jzsSgE6cHo67vjqs9uTRPwiyaLs=,n7j+045G5Fdxlf8d228hYcEGTXE=
-26,-35,jzsSgE6cHo67vjqs9uTRPwiyaLs=,n7j+045G5Fdxlf8d228hYcEGTXE=
-25,-34,jzsSgE6cHo67vjqs9uTRPwiyaLs=,n7j+045G5Fdxlf8d228hYcEGTXE=
-27,-35,jzsSgE6cHo67vjqs9uTRPwiyaLs=,n7j+045G5Fdxlf8d228hYcEGTXE=
-28,-36,jzsSgE6cHo67vjqs9uTRPwiyaLs=,n7j+045G5Fdxlf8d228hYcEGTXE=
-27,-34,jzsSgE6cHo67vjqs9uTRPwiyaLs=,n7j+045G5Fdxlf8d228hYcEGTXE=
-24,-36,jzsSgE6cHo67vjqs9uTRPwiyaLs=,8/fnVw/Etqclch2B+P0SvVITvds=
-25,-33,jzsSgE6cHo67vjqs9uTRPwiyaLs=,n7j+045G5Fdxlf8d228hYcEGTXE=
-29,-33,jzsSgE6cHo67vjqs9uTRPwiyaLs=,qq1Clp+gvMK0oiDM3sedRSVqYG4=
-29,-34,jzsSgE6cHo67vjqs9uTRPwiyaLs=,qq1Clp+gvMK0oiDM3sedRSVqYG4=
-30,-33,jzsSgE6cHo67vjqs9uTRPwiyaLs=,qq1Clp+gvMK0oiDM3sedRSVqYG4=
-28,-33,jzsSgE6cHo67vjqs9uTRPwiyaLs=,n7j+045G5Fdxlf8d228hYcEGTXE=
-30,-34,jzsSgE6cHo67vjqs9uTRPwiyaLs=,qq1Clp+gvMK0oiDM3sedRSVqYG4=
-26,-36,jzsSgE6cHo67vjqs9uTRPwiyaLs=,n7j+045G5Fdxlf8d228hYcEGTXE=
-31,-36,jzsSgE6cHo67vjqs9uTRPwiyaLs=,qq1Clp+gvMK0oiDM3sedRSVqYG4=
-31,-35,jzsSgE6cHo67vjqs9uTRPwiyaLs=,qq1Clp+gvMK0oiDM3sedRSVqYG4=
-29,-35,jzsSgE6cHo67vjqs9uTRPwiyaLs=,qq1Clp+gvMK0oiDM3sedRSVqYG4=
-32,-36,jzsSgE6cHo67vjqs9uTRPwiyaLs=,qq1Clp+gvMK0oiDM3sedRSVqYG4=
-26,-34,jzsSgE6cHo67vjqs9uTRPwiyaLs=,n7j+045G5Fdxlf8d228hYcEGTXE=
-24,-35,jzsSgE6cHo67vjqs9uTRPwiyaLs=,8/fnVw/Etqclch2B+P0SvVITvds=
-28,-34,jzsSgE6cHo67vjqs9uTRPwiyaLs=,n7j+045G5Fdxlf8d228hYcEGTXE=
-28,-35,jzsSgE6cHo67vjqs9uTRPwiyaLs=,n7j+045G5Fdxlf8d228hYcEGTXE=
-30,-35,jzsSgE6cHo67vjqs9uTRPwiyaLs=,qq1Clp+gvMK0oiDM3sedRSVqYG4=
-32,-35,jzsSgE6cHo67vjqs9uTRPwiyaLs=,qq1Clp+gvMK0oiDM3sedRSVqYG4=
-30,-36,jzsSgE6cHo67vjqs9uTRPwiyaLs=,qq1Clp+gvMK0oiDM3sedRSVqYG4=
-31,-33,jzsSgE6cHo67vjqs9uTRPwiyaLs=,qq1Clp+gvMK0oiDM3sedRSVqYG4=
-31,-34,jzsSgE6cHo67vjqs9uTRPwiyaLs=,qq1Clp+gvMK0oiDM3sedRSVqYG4=
-32,-34,jzsSgE6cHo67vjqs9uTRPwiyaLs=,qq1Clp+gvMK0oiDM3sedRSVqYG4=
-32,-33,jzsSgE6cHo67vjqs9uTRPwiyaLs=,qq1Clp+gvMK0oiDM3sedRSVqYG4=
-29,-36,jzsSgE6cHo67vjqs9uTRPwiyaLs=,qq1Clp+gvMK0oiDM3sedRSVqYG4=
-7,-47,6G/fVSD+J54tP7HB1bE5DhzeTHY=,hqmA6Eydnkz4ElKgy0Ti9+zEFSw=
-6,-47,6G/fVSD+J54tP7HB1bE5DhzeTHY=,hqmA6Eydnkz4ElKgy0Ti9+zEFSw=
-7,-46,6G/fVSD+J54tP7HB1bE5DhzeTHY=,hqmA6Eydnkz4ElKgy0Ti9+zEFSw=
-9,-47,6G/fVSD+J54tP7HB1bE5DhzeTHY=,I0pLFnEz5HEvuEoVAXDzykqiIW4=
-6,-46,6G/fVSD+J54tP7HB1bE5DhzeTHY=,hqmA6Eydnkz4ElKgy0Ti9+zEFSw=
-11,-46,6G/fVSD+J54tP7HB1bE5DhzeTHY=,I0pLFnEz5HEvuEoVAXDzykqiIW4=
-10,-47,6G/fVSD+J54tP7HB1bE5DhzeTHY=,I0pLFnEz5HEvuEoVAXDzykqiIW4=
-8,-47,6G/fVSD+J54tP7HB1bE5DhzeTHY=,hqmA6Eydnkz4ElKgy0Ti9+zEFSw=
-11,-47,6G/fVSD+J54tP7HB1bE5DhzeTHY=,I0pLFnEz5HEvuEoVAXDzykqiIW4=
-8,-46,6G/fVSD+J54tP7HB1bE5DhzeTHY=,hqmA6Eydnkz4ElKgy0Ti9+zEFSw=
-10,-46,6G/fVSD+J54tP7HB1bE5DhzeTHY=,I0pLFnEz5HEvuEoVAXDzykqiIW4=
-9,-46,6G/fVSD+J54tP7HB1bE5DhzeTHY=,I0pLFnEz5HEvuEoVAXDzykqiIW4=
-7,-42,6G/fVSD+J54tP7HB1bE5DhzeTHY=,CGsHzGbKMIIn0jYoRNctpS9cnbo=
-7,-43,6G/fVSD+J54tP7HB1bE5DhzeTHY=,CGsHzGbKMIIn0jYoRNctpS9cnbo=
-6,-42,6G/fVSD+J54tP7HB1bE5DhzeTHY=,CGsHzGbKMIIn0jYoRNctpS9cnbo=
-7,-44,6G/fVSD+J54tP7HB1bE5DhzeTHY=,CGsHzGbKMIIn0jYoRNctpS9cnbo=
-7,-45,6G/fVSD+J54tP7HB1bE5DhzeTHY=,hqmA6Eydnkz4ElKgy0Ti9+zEFSw=
-6,-45,6G/fVSD+J54tP7HB1bE5DhzeTHY=,hqmA6Eydnkz4ElKgy0Ti9+zEFSw=
-6,-43,6G/fVSD+J54tP7HB1bE5DhzeTHY=,CGsHzGbKMIIn0jYoRNctpS9cnbo=
-6,-44,6G/fVSD+J54tP7HB1bE5DhzeTHY=,CGsHzGbKMIIn0jYoRNctpS9cnbo=
-12,-43,6G/fVSD+J54tP7HB1bE5DhzeTHY=,3rIrN8fsbZyeZ3bfIZE65/Oop3I=
-14,-43,6G/fVSD+J54tP7HB1bE5DhzeTHY=,C5yEYFCHfMCITH7+F5AvwMCfWNk=
-15,-43,6G/fVSD+J54tP7HB1bE5DhzeTHY=,C5yEYFCHfMCITH7+F5AvwMCfWNk=
-14,-42,6G/fVSD+J54tP7HB1bE5DhzeTHY=,C5yEYFCHfMCITH7+F5AvwMCfWNk=
-15,-42,6G/fVSD+J54tP7HB1bE5DhzeTHY=,C5yEYFCHfMCITH7+F5AvwMCfWNk=
-12,-42,6G/fVSD+J54tP7HB1bE5DhzeTHY=,3rIrN8fsbZyeZ3bfIZE65/Oop3I=
-13,-43,6G/fVSD+J54tP7HB1bE5DhzeTHY=,C5yEYFCHfMCITH7+F5AvwMCfWNk=
-13,-42,6G/fVSD+J54tP7HB1bE5DhzeTHY=,C5yEYFCHfMCITH7+F5AvwMCfWNk=
-8,-45,6G/fVSD+J54tP7HB1bE5DhzeTHY=,hqmA6Eydnkz4ElKgy0Ti9+zEFSw=
-11,-44,6G/fVSD+J54tP7HB1bE5DhzeTHY=,3rIrN8fsbZyeZ3bfIZE65/Oop3I=
-9,-45,6G/fVSD+J54tP7HB1bE5DhzeTHY=,I0pLFnEz5HEvuEoVAXDzykqiIW4=
-10,-45,6G/fVSD+J54tP7HB1bE5DhzeTHY=,I0pLFnEz5HEvuEoVAXDzykqiIW4=
-11,-38,6G/fVSD+J54tP7HB1bE5DhzeTHY=,uSlrmmNMpPbtVTnRkB88ArdhGAc=
-10,-40,6G/fVSD+J54tP7HB1bE5DhzeTHY=,uSlrmmNMpPbtVTnRkB88ArdhGAc=
-10,-39,6G/fVSD+J54tP7HB1bE5DhzeTHY=,uSlrmmNMpPbtVTnRkB88ArdhGAc=
-11,-39,6G/fVSD+J54tP7HB1bE5DhzeTHY=,uSlrmmNMpPbtVTnRkB88ArdhGAc=
-10,-44,6G/fVSD+J54tP7HB1bE5DhzeTHY=,3rIrN8fsbZyeZ3bfIZE65/Oop3I=
-11,-45,6G/fVSD+J54tP7HB1bE5DhzeTHY=,I0pLFnEz5HEvuEoVAXDzykqiIW4=
-10,-38,6G/fVSD+J54tP7HB1bE5DhzeTHY=,uSlrmmNMpPbtVTnRkB88ArdhGAc=
-9,-42,6G/fVSD+J54tP7HB1bE5DhzeTHY=,3rIrN8fsbZyeZ3bfIZE65/Oop3I=
-10,-41,6G/fVSD+J54tP7HB1bE5DhzeTHY=,3rIrN8fsbZyeZ3bfIZE65/Oop3I=
-9,-44,6G/fVSD+J54tP7HB1bE5DhzeTHY=,3rIrN8fsbZyeZ3bfIZE65/Oop3I=
-7,-34,6G/fVSD+J54tP7HB1bE5DhzeTHY=,2sx4V61UqI3l9rzgw2FuU19nuYU=
-6,-34,6G/fVSD+J54tP7HB1bE5DhzeTHY=,2sx4V61UqI3l9rzgw2FuU19nuYU=
-7,-35,6G/fVSD+J54tP7HB1bE5DhzeTHY=,2sx4V61UqI3l9rzgw2FuU19nuYU=
-6,-35,6G/fVSD+J54tP7HB1bE5DhzeTHY=,2sx4V61UqI3l9rzgw2FuU19nuYU=
-10,-42,6G/fVSD+J54tP7HB1bE5DhzeTHY=,3rIrN8fsbZyeZ3bfIZE65/Oop3I=
-8,-43,6G/fVSD+J54tP7HB1bE5DhzeTHY=,CGsHzGbKMIIn0jYoRNctpS9cnbo=
-8,-44,6G/fVSD+J54tP7HB1bE5DhzeTHY=,CGsHzGbKMIIn0jYoRNctpS9cnbo=
-11,-42,6G/fVSD+J54tP7HB1bE5DhzeTHY=,3rIrN8fsbZyeZ3bfIZE65/Oop3I=
-9,-43,6G/fVSD+J54tP7HB1bE5DhzeTHY=,3rIrN8fsbZyeZ3bfIZE65/Oop3I=
-11,-40,6G/fVSD+J54tP7HB1bE5DhzeTHY=,uSlrmmNMpPbtVTnRkB88ArdhGAc=
-8,-42,6G/fVSD+J54tP7HB1bE5DhzeTHY=,CGsHzGbKMIIn0jYoRNctpS9cnbo=
-10,-43,6G/fVSD+J54tP7HB1bE5DhzeTHY=,3rIrN8fsbZyeZ3bfIZE65/Oop3I=
-11,-43,6G/fVSD+J54tP7HB1bE5DhzeTHY=,3rIrN8fsbZyeZ3bfIZE65/Oop3I=
-11,-41,6G/fVSD+J54tP7HB1bE5DhzeTHY=,3rIrN8fsbZyeZ3bfIZE65/Oop3I=
-7,-40,6G/fVSD+J54tP7HB1bE5DhzeTHY=,ToEXZXosZpS52ZKDu26zr44JhkY=
-6,-37,6G/fVSD+J54tP7HB1bE5DhzeTHY=,ToEXZXosZpS52ZKDu26zr44JhkY=
-8,-39,6G/fVSD+J54tP7HB1bE5DhzeTHY=,ToEXZXosZpS52ZKDu26zr44JhkY=
-9,-39,6G/fVSD+J54tP7HB1bE5DhzeTHY=,uSlrmmNMpPbtVTnRkB88ArdhGAc=
-7,-37,6G/fVSD+J54tP7HB1bE5DhzeTHY=,ToEXZXosZpS52ZKDu26zr44JhkY=
-6,-40,6G/fVSD+J54tP7HB1bE5DhzeTHY=,ToEXZXosZpS52ZKDu26zr44JhkY=
-8,-34,6G/fVSD+J54tP7HB1bE5DhzeTHY=,2sx4V61UqI3l9rzgw2FuU19nuYU=
-11,-34,6G/fVSD+J54tP7HB1bE5DhzeTHY=,vApY7kB8aRtKSiylJ2kcf5NsZgw=
-10,-34,6G/fVSD+J54tP7HB1bE5DhzeTHY=,vApY7kB8aRtKSiylJ2kcf5NsZgw=
-9,-34,6G/fVSD+J54tP7HB1bE5DhzeTHY=,vApY7kB8aRtKSiylJ2kcf5NsZgw=
-8,-36,6G/fVSD+J54tP7HB1bE5DhzeTHY=,2sx4V61UqI3l9rzgw2FuU19nuYU=
-9,-35,6G/fVSD+J54tP7HB1bE5DhzeTHY=,vApY7kB8aRtKSiylJ2kcf5NsZgw=
-6,-38,6G/fVSD+J54tP7HB1bE5DhzeTHY=,ToEXZXosZpS52ZKDu26zr44JhkY=
-9,-36,6G/fVSD+J54tP7HB1bE5DhzeTHY=,vApY7kB8aRtKSiylJ2kcf5NsZgw=
-10,-35,6G/fVSD+J54tP7HB1bE5DhzeTHY=,vApY7kB8aRtKSiylJ2kcf5NsZgw=
-11,-35,6G/fVSD+J54tP7HB1bE5DhzeTHY=,vApY7kB8aRtKSiylJ2kcf5NsZgw=
-10,-36,6G/fVSD+J54tP7HB1bE5DhzeTHY=,vApY7kB8aRtKSiylJ2kcf5NsZgw=
-7,-38,6G/fVSD+J54tP7HB1bE5DhzeTHY=,ToEXZXosZpS52ZKDu26zr44JhkY=
-8,-37,6G/fVSD+J54tP7HB1bE5DhzeTHY=,ToEXZXosZpS52ZKDu26zr44JhkY=
-6,-41,6G/fVSD+J54tP7HB1bE5DhzeTHY=,CGsHzGbKMIIn0jYoRNctpS9cnbo=
-8,-41,6G/fVSD+J54tP7HB1bE5DhzeTHY=,CGsHzGbKMIIn0jYoRNctpS9cnbo=
-8,-35,6G/fVSD+J54tP7HB1bE5DhzeTHY=,2sx4V61UqI3l9rzgw2FuU19nuYU=
-5,-39,6G/fVSD+J54tP7HB1bE5DhzeTHY=,ToEXZXosZpS52ZKDu26zr44JhkY=
-9,-37,6G/fVSD+J54tP7HB1bE5DhzeTHY=,uSlrmmNMpPbtVTnRkB88ArdhGAc=
-5,-38,6G/fVSD+J54tP7HB1bE5DhzeTHY=,ToEXZXosZpS52ZKDu26zr44JhkY=
-6,-36,6G/fVSD+J54tP7HB1bE5DhzeTHY=,2sx4V61UqI3l9rzgw2FuU19nuYU=
-7,-39,6G/fVSD+J54tP7HB1bE5DhzeTHY=,ToEXZXosZpS52ZKDu26zr44JhkY=
-8,-38,6G/fVSD+J54tP7HB1bE5DhzeTHY=,ToEXZXosZpS52ZKDu26zr44JhkY=
-7,-36,6G/fVSD+J54tP7HB1bE5DhzeTHY=,2sx4V61UqI3l9rzgw2FuU19nuYU=
-6,-39,6G/fVSD+J54tP7HB1bE5DhzeTHY=,ToEXZXosZpS52ZKDu26zr44JhkY=
-9,-40,6G/fVSD+J54tP7HB1bE5DhzeTHY=,uSlrmmNMpPbtVTnRkB88ArdhGAc=
-11,-37,6G/fVSD+J54tP7HB1bE5DhzeTHY=,uSlrmmNMpPbtVTnRkB88ArdhGAc=
-9,-41,6G/fVSD+J54tP7HB1bE5DhzeTHY=,3rIrN8fsbZyeZ3bfIZE65/Oop3I=
-11,-36,6G/fVSD+J54tP7HB1bE5DhzeTHY=,vApY7kB8aRtKSiylJ2kcf5NsZgw=
-7,-41,6G/fVSD+J54tP7HB1bE5DhzeTHY=,CGsHzGbKMIIn0jYoRNctpS9cnbo=
-10,-37,6G/fVSD+J54tP7HB1bE5DhzeTHY=,uSlrmmNMpPbtVTnRkB88ArdhGAc=
-9,-38,6G/fVSD+J54tP7HB1bE5DhzeTHY=,uSlrmmNMpPbtVTnRkB88ArdhGAc=
-8,-40,6G/fVSD+J54tP7HB1bE5DhzeTHY=,ToEXZXosZpS52ZKDu26zr44JhkY=
-16,-43,6G/fVSD+J54tP7HB1bE5DhzeTHY=,C5yEYFCHfMCITH7+F5AvwMCfWNk=
-11,-33,6G/fVSD+J54tP7HB1bE5DhzeTHY=,vApY7kB8aRtKSiylJ2kcf5NsZgw=
-10,-33,6G/fVSD+J54tP7HB1bE5DhzeTHY=,vApY7kB8aRtKSiylJ2kcf5NsZgw=
-16,-42,6G/fVSD+J54tP7HB1bE5DhzeTHY=,C5yEYFCHfMCITH7+F5AvwMCfWNk=
-16,-45,6G/fVSD+J54tP7HB1bE5DhzeTHY=,rcPF3plEI8XCgFlGfHC6gUJNRoU=
-15,-45,6G/fVSD+J54tP7HB1bE5DhzeTHY=,rcPF3plEI8XCgFlGfHC6gUJNRoU=
-14,-45,6G/fVSD+J54tP7HB1bE5DhzeTHY=,rcPF3plEI8XCgFlGfHC6gUJNRoU=
-13,-46,6G/fVSD+J54tP7HB1bE5DhzeTHY=,rcPF3plEI8XCgFlGfHC6gUJNRoU=
-12,-46,6G/fVSD+J54tP7HB1bE5DhzeTHY=,I0pLFnEz5HEvuEoVAXDzykqiIW4=
-13,-45,6G/fVSD+J54tP7HB1bE5DhzeTHY=,rcPF3plEI8XCgFlGfHC6gUJNRoU=
-16,-44,6G/fVSD+J54tP7HB1bE5DhzeTHY=,C5yEYFCHfMCITH7+F5AvwMCfWNk=
-12,-45,6G/fVSD+J54tP7HB1bE5DhzeTHY=,I0pLFnEz5HEvuEoVAXDzykqiIW4=
-15,-44,6G/fVSD+J54tP7HB1bE5DhzeTHY=,C5yEYFCHfMCITH7+F5AvwMCfWNk=
-14,-44,6G/fVSD+J54tP7HB1bE5DhzeTHY=,C5yEYFCHfMCITH7+F5AvwMCfWNk=
-16,-47,6G/fVSD+J54tP7HB1bE5DhzeTHY=,rcPF3plEI8XCgFlGfHC6gUJNRoU=
-15,-47,6G/fVSD+J54tP7HB1bE5DhzeTHY=,rcPF3plEI8XCgFlGfHC6gUJNRoU=
-14,-47,6G/fVSD+J54tP7HB1bE5DhzeTHY=,rcPF3plEI8XCgFlGfHC6gUJNRoU=
-13,-47,6G/fVSD+J54tP7HB1bE5DhzeTHY=,rcPF3plEI8XCgFlGfHC6gUJNRoU=
-13,-44,6G/fVSD+J54tP7HB1bE5DhzeTHY=,C5yEYFCHfMCITH7+F5AvwMCfWNk=
-12,-44,6G/fVSD+J54tP7HB1bE5DhzeTHY=,3rIrN8fsbZyeZ3bfIZE65/Oop3I=
-16,-46,6G/fVSD+J54tP7HB1bE5DhzeTHY=,rcPF3plEI8XCgFlGfHC6gUJNRoU=
-12,-47,6G/fVSD+J54tP7HB1bE5DhzeTHY=,I0pLFnEz5HEvuEoVAXDzykqiIW4=
-15,-46,6G/fVSD+J54tP7HB1bE5DhzeTHY=,rcPF3plEI8XCgFlGfHC6gUJNRoU=
-14,-46,6G/fVSD+J54tP7HB1bE5DhzeTHY=,rcPF3plEI8XCgFlGfHC6gUJNRoU=
-16,-33,6G/fVSD+J54tP7HB1bE5DhzeTHY=,ZyzBvmsel1Y3VerVKG1KMDuy9j4=
-12,-34,6G/fVSD+J54tP7HB1bE5DhzeTHY=,vApY7kB8aRtKSiylJ2kcf5NsZgw=
-15,-33,6G/fVSD+J54tP7HB1bE5DhzeTHY=,ZyzBvmsel1Y3VerVKG1KMDuy9j4=
-14,-33,6G/fVSD+J54tP7HB1bE5DhzeTHY=,ZyzBvmsel1Y3VerVKG1KMDuy9j4=
-13,-33,6G/fVSD+J54tP7HB1bE5DhzeTHY=,ZyzBvmsel1Y3VerVKG1KMDuy9j4=
-12,-33,6G/fVSD+J54tP7HB1bE5DhzeTHY=,vApY7kB8aRtKSiylJ2kcf5NsZgw=
-16,-35,6G/fVSD+J54tP7HB1bE5DhzeTHY=,ZyzBvmsel1Y3VerVKG1KMDuy9j4=
-14,-35,6G/fVSD+J54tP7HB1bE5DhzeTHY=,ZyzBvmsel1Y3VerVKG1KMDuy9j4=
-13,-35,6G/fVSD+J54tP7HB1bE5DhzeTHY=,ZyzBvmsel1Y3VerVKG1KMDuy9j4=
-15,-35,6G/fVSD+J54tP7HB1bE5DhzeTHY=,ZyzBvmsel1Y3VerVKG1KMDuy9j4=
-16,-34,6G/fVSD+J54tP7HB1bE5DhzeTHY=,ZyzBvmsel1Y3VerVKG1KMDuy9j4=
-12,-35,6G/fVSD+J54tP7HB1bE5DhzeTHY=,vApY7kB8aRtKSiylJ2kcf5NsZgw=
-13,-34,6G/fVSD+J54tP7HB1bE5DhzeTHY=,ZyzBvmsel1Y3VerVKG1KMDuy9j4=
-15,-34,6G/fVSD+J54tP7HB1bE5DhzeTHY=,ZyzBvmsel1Y3VerVKG1KMDuy9j4=
-5,-34,6G/fVSD+J54tP7HB1bE5DhzeTHY=,2sx4V61UqI3l9rzgw2FuU19nuYU=
-14,-34,6G/fVSD+J54tP7HB1bE5DhzeTHY=,ZyzBvmsel1Y3VerVKG1KMDuy9j4=
-5,-36,6G/fVSD+J54tP7HB1bE5DhzeTHY=,2sx4V61UqI3l9rzgw2FuU19nuYU=
-5,-35,6G/fVSD+J54tP7HB1bE5DhzeTHY=,2sx4V61UqI3l9rzgw2FuU19nuYU=
-9,-33,6G/fVSD+J54tP7HB1bE5DhzeTHY=,vApY7kB8aRtKSiylJ2kcf5NsZgw=
-5,-37,6G/fVSD+J54tP7HB1bE5DhzeTHY=,ToEXZXosZpS52ZKDu26zr44JhkY=
-8,-33,6G/fVSD+J54tP7HB1bE5DhzeTHY=,2sx4V61UqI3l9rzgw2FuU19nuYU=
-7,-33,6G/fVSD+J54tP7HB1bE5DhzeTHY=,2sx4V61UqI3l9rzgw2FuU19nuYU=
-6,-33,6G/fVSD+J54tP7HB1bE5DhzeTHY=,2sx4V61UqI3l9rzgw2FuU19nuYU=
-5,-33,6G/fVSD+J54tP7HB1bE5DhzeTHY=,2sx4V61UqI3l9rzgw2FuU19nuYU=
-1,-47,6G/fVSD+J54tP7HB1bE5DhzeTHY=,5TTESS/dldkBqBufg4+Ki7bDTek=
-5,-46,6G/fVSD+J54tP7HB1bE5DhzeTHY=,hqmA6Eydnkz4ElKgy0Ti9+zEFSw=
-4,-47,6G/fVSD+J54tP7HB1bE5DhzeTHY=,5TTESS/dldkBqBufg4+Ki7bDTek=
-4,-46,6G/fVSD+J54tP7HB1bE5DhzeTHY=,5TTESS/dldkBqBufg4+Ki7bDTek=
-12,-38,6G/fVSD+J54tP7HB1bE5DhzeTHY=,uSlrmmNMpPbtVTnRkB88ArdhGAc=
-13,-40,6G/fVSD+J54tP7HB1bE5DhzeTHY=,Vdn4eWBr+jNurvbzQO3HVpZUU9g=
-5,-47,6G/fVSD+J54tP7HB1bE5DhzeTHY=,hqmA6Eydnkz4ElKgy0Ti9+zEFSw=
-14,-40,6G/fVSD+J54tP7HB1bE5DhzeTHY=,Vdn4eWBr+jNurvbzQO3HVpZUU9g=
-15,-40,6G/fVSD+J54tP7HB1bE5DhzeTHY=,Vdn4eWBr+jNurvbzQO3HVpZUU9g=
-2,-47,6G/fVSD+J54tP7HB1bE5DhzeTHY=,5TTESS/dldkBqBufg4+Ki7bDTek=
-13,-36,6G/fVSD+J54tP7HB1bE5DhzeTHY=,ZyzBvmsel1Y3VerVKG1KMDuy9j4=
-14,-36,6G/fVSD+J54tP7HB1bE5DhzeTHY=,ZyzBvmsel1Y3VerVKG1KMDuy9j4=
-16,-39,6G/fVSD+J54tP7HB1bE5DhzeTHY=,Vdn4eWBr+jNurvbzQO3HVpZUU9g=
-12,-36,6G/fVSD+J54tP7HB1bE5DhzeTHY=,vApY7kB8aRtKSiylJ2kcf5NsZgw=
-2,-46,6G/fVSD+J54tP7HB1bE5DhzeTHY=,5TTESS/dldkBqBufg4+Ki7bDTek=
-1,-46,6G/fVSD+J54tP7HB1bE5DhzeTHY=,5TTESS/dldkBqBufg4+Ki7bDTek=
-13,-41,6G/fVSD+J54tP7HB1bE5DhzeTHY=,C5yEYFCHfMCITH7+F5AvwMCfWNk=
-3,-47,6G/fVSD+J54tP7HB1bE5DhzeTHY=,5TTESS/dldkBqBufg4+Ki7bDTek=
-15,-36,6G/fVSD+J54tP7HB1bE5DhzeTHY=,ZyzBvmsel1Y3VerVKG1KMDuy9j4=
-14,-41,6G/fVSD+J54tP7HB1bE5DhzeTHY=,C5yEYFCHfMCITH7+F5AvwMCfWNk=
-16,-41,6G/fVSD+J54tP7HB1bE5DhzeTHY=,C5yEYFCHfMCITH7+F5AvwMCfWNk=
-13,-37,6G/fVSD+J54tP7HB1bE5DhzeTHY=,Vdn4eWBr+jNurvbzQO3HVpZUU9g=
-12,-39,6G/fVSD+J54tP7HB1bE5DhzeTHY=,uSlrmmNMpPbtVTnRkB88ArdhGAc=
-16,-36,6G/fVSD+J54tP7HB1bE5DhzeTHY=,ZyzBvmsel1Y3VerVKG1KMDuy9j4=
-14,-37,6G/fVSD+J54tP7HB1bE5DhzeTHY=,Vdn4eWBr+jNurvbzQO3HVpZUU9g=
-12,-40,6G/fVSD+J54tP7HB1bE5DhzeTHY=,uSlrmmNMpPbtVTnRkB88ArdhGAc=
-16,-40,6G/fVSD+J54tP7HB1bE5DhzeTHY=,Vdn4eWBr+jNurvbzQO3HVpZUU9g=
-15,-37,6G/fVSD+J54tP7HB1bE5DhzeTHY=,Vdn4eWBr+jNurvbzQO3HVpZUU9g=
-15,-39,6G/fVSD+J54tP7HB1bE5DhzeTHY=,Vdn4eWBr+jNurvbzQO3HVpZUU9g=
-3,-46,6G/fVSD+J54tP7HB1bE5DhzeTHY=,5TTESS/dldkBqBufg4+Ki7bDTek=
-12,-41,6G/fVSD+J54tP7HB1bE5DhzeTHY=,3rIrN8fsbZyeZ3bfIZE65/Oop3I=
-4,-42,6G/fVSD+J54tP7HB1bE5DhzeTHY=,sO7tug10mBjdBjgEpqLukO4uHyk=
-16,-37,6G/fVSD+J54tP7HB1bE5DhzeTHY=,Vdn4eWBr+jNurvbzQO3HVpZUU9g=
-5,-40,6G/fVSD+J54tP7HB1bE5DhzeTHY=,ToEXZXosZpS52ZKDu26zr44JhkY=
-3,-41,6G/fVSD+J54tP7HB1bE5DhzeTHY=,sO7tug10mBjdBjgEpqLukO4uHyk=
-5,-41,6G/fVSD+J54tP7HB1bE5DhzeTHY=,CGsHzGbKMIIn0jYoRNctpS9cnbo=
-1,-42,6G/fVSD+J54tP7HB1bE5DhzeTHY=,sO7tug10mBjdBjgEpqLukO4uHyk=
-2,-42,6G/fVSD+J54tP7HB1bE5DhzeTHY=,sO7tug10mBjdBjgEpqLukO4uHyk=
-3,-42,6G/fVSD+J54tP7HB1bE5DhzeTHY=,sO7tug10mBjdBjgEpqLukO4uHyk=
-4,-41,6G/fVSD+J54tP7HB1bE5DhzeTHY=,sO7tug10mBjdBjgEpqLukO4uHyk=
-5,-42,6G/fVSD+J54tP7HB1bE5DhzeTHY=,CGsHzGbKMIIn0jYoRNctpS9cnbo=
-1,-41,6G/fVSD+J54tP7HB1bE5DhzeTHY=,sO7tug10mBjdBjgEpqLukO4uHyk=
-13,-38,6G/fVSD+J54tP7HB1bE5DhzeTHY=,Vdn4eWBr+jNurvbzQO3HVpZUU9g=
-14,-38,6G/fVSD+J54tP7HB1bE5DhzeTHY=,Vdn4eWBr+jNurvbzQO3HVpZUU9g=
-2,-41,6G/fVSD+J54tP7HB1bE5DhzeTHY=,sO7tug10mBjdBjgEpqLukO4uHyk=
-15,-41,6G/fVSD+J54tP7HB1bE5DhzeTHY=,C5yEYFCHfMCITH7+F5AvwMCfWNk=
-4,-43,6G/fVSD+J54tP7HB1bE5DhzeTHY=,sO7tug10mBjdBjgEpqLukO4uHyk=
-5,-43,6G/fVSD+J54tP7HB1bE5DhzeTHY=,CGsHzGbKMIIn0jYoRNctpS9cnbo=
-15,-38,6G/fVSD+J54tP7HB1bE5DhzeTHY=,Vdn4eWBr+jNurvbzQO3HVpZUU9g=
-16,-38,6G/fVSD+J54tP7HB1bE5DhzeTHY=,Vdn4eWBr+jNurvbzQO3HVpZUU9g=
-14,-39,6G/fVSD+J54tP7HB1bE5DhzeTHY=,Vdn4eWBr+jNurvbzQO3HVpZUU9g=
-12,-37,6G/fVSD+J54tP7HB1bE5DhzeTHY=,uSlrmmNMpPbtVTnRkB88ArdhGAc=
-2,-43,6G/fVSD+J54tP7HB1bE5DhzeTHY=,sO7tug10mBjdBjgEpqLukO4uHyk=
-1,-43,6G/fVSD+J54tP7HB1bE5DhzeTHY=,sO7tug10mBjdBjgEpqLukO4uHyk=
-3,-43,6G/fVSD+J54tP7HB1bE5DhzeTHY=,sO7tug10mBjdBjgEpqLukO4uHyk=
-5,-44,6G/fVSD+J54tP7HB1bE5DhzeTHY=,CGsHzGbKMIIn0jYoRNctpS9cnbo=
-2,-45,6G/fVSD+J54tP7HB1bE5DhzeTHY=,5TTESS/dldkBqBufg4+Ki7bDTek=
-1,-45,6G/fVSD+J54tP7HB1bE5DhzeTHY=,5TTESS/dldkBqBufg4+Ki7bDTek=
-5,-45,6G/fVSD+J54tP7HB1bE5DhzeTHY=,hqmA6Eydnkz4ElKgy0Ti9+zEFSw=
-3,-45,6G/fVSD+J54tP7HB1bE5DhzeTHY=,5TTESS/dldkBqBufg4+Ki7bDTek=
-1,-44,6G/fVSD+J54tP7HB1bE5DhzeTHY=,sO7tug10mBjdBjgEpqLukO4uHyk=
-2,-44,6G/fVSD+J54tP7HB1bE5DhzeTHY=,sO7tug10mBjdBjgEpqLukO4uHyk=
-4,-45,6G/fVSD+J54tP7HB1bE5DhzeTHY=,5TTESS/dldkBqBufg4+Ki7bDTek=
-3,-44,6G/fVSD+J54tP7HB1bE5DhzeTHY=,sO7tug10mBjdBjgEpqLukO4uHyk=
-13,-39,6G/fVSD+J54tP7HB1bE5DhzeTHY=,Vdn4eWBr+jNurvbzQO3HVpZUU9g=
-4,-44,6G/fVSD+J54tP7HB1bE5DhzeTHY=,sO7tug10mBjdBjgEpqLukO4uHyk=
-27,-39,jzsSgE6cHo67vjqs9uTRPwiyaLs=,ajMOMMfjfGGTqwflw1K6BaIyR4U=
-26,-39,jzsSgE6cHo67vjqs9uTRPwiyaLs=,ajMOMMfjfGGTqwflw1K6BaIyR4U=
-27,-38,jzsSgE6cHo67vjqs9uTRPwiyaLs=,ajMOMMfjfGGTqwflw1K6BaIyR4U=
-26,-38,jzsSgE6cHo67vjqs9uTRPwiyaLs=,ajMOMMfjfGGTqwflw1K6BaIyR4U=
-30,-38,jzsSgE6cHo67vjqs9uTRPwiyaLs=,VJ3HPugOqM7ZLRkah9c+2llJ0SQ=
-29,-38,jzsSgE6cHo67vjqs9uTRPwiyaLs=,VJ3HPugOqM7ZLRkah9c+2llJ0SQ=
-28,-38,jzsSgE6cHo67vjqs9uTRPwiyaLs=,ajMOMMfjfGGTqwflw1K6BaIyR4U=
-31,-37,jzsSgE6cHo67vjqs9uTRPwiyaLs=,VJ3HPugOqM7ZLRkah9c+2llJ0SQ=
-29,-39,jzsSgE6cHo67vjqs9uTRPwiyaLs=,VJ3HPugOqM7ZLRkah9c+2llJ0SQ=
-31,-39,jzsSgE6cHo67vjqs9uTRPwiyaLs=,VJ3HPugOqM7ZLRkah9c+2llJ0SQ=
-31,-38,jzsSgE6cHo67vjqs9uTRPwiyaLs=,VJ3HPugOqM7ZLRkah9c+2llJ0SQ=
-30,-39,jzsSgE6cHo67vjqs9uTRPwiyaLs=,VJ3HPugOqM7ZLRkah9c+2llJ0SQ=
-30,-37,jzsSgE6cHo67vjqs9uTRPwiyaLs=,VJ3HPugOqM7ZLRkah9c+2llJ0SQ=
-28,-37,jzsSgE6cHo67vjqs9uTRPwiyaLs=,ajMOMMfjfGGTqwflw1K6BaIyR4U=
-29,-37,jzsSgE6cHo67vjqs9uTRPwiyaLs=,VJ3HPugOqM7ZLRkah9c+2llJ0SQ=
-27,-37,jzsSgE6cHo67vjqs9uTRPwiyaLs=,ajMOMMfjfGGTqwflw1K6BaIyR4U=
-26,-37,jzsSgE6cHo67vjqs9uTRPwiyaLs=,ajMOMMfjfGGTqwflw1K6BaIyR4U=
-27,-42,jzsSgE6cHo67vjqs9uTRPwiyaLs=,dfEhphcZS5l6uQs8SZNxPRff1MM=
-26,-42,jzsSgE6cHo67vjqs9uTRPwiyaLs=,dfEhphcZS5l6uQs8SZNxPRff1MM=
-27,-40,jzsSgE6cHo67vjqs9uTRPwiyaLs=,ajMOMMfjfGGTqwflw1K6BaIyR4U=
-28,-39,jzsSgE6cHo67vjqs9uTRPwiyaLs=,ajMOMMfjfGGTqwflw1K6BaIyR4U=
-27,-41,jzsSgE6cHo67vjqs9uTRPwiyaLs=,dfEhphcZS5l6uQs8SZNxPRff1MM=
-26,-40,jzsSgE6cHo67vjqs9uTRPwiyaLs=,ajMOMMfjfGGTqwflw1K6BaIyR4U=
-26,-41,jzsSgE6cHo67vjqs9uTRPwiyaLs=,dfEhphcZS5l6uQs8SZNxPRff1MM=
-27,-43,jzsSgE6cHo67vjqs9uTRPwiyaLs=,dfEhphcZS5l6uQs8SZNxPRff1MM=
-23,-47,jzsSgE6cHo67vjqs9uTRPwiyaLs=,baobXjRLUa6oR+lEYmZY+5cyYmU=
-22,-47,jzsSgE6cHo67vjqs9uTRPwiyaLs=,baobXjRLUa6oR+lEYmZY+5cyYmU=
-23,-46,jzsSgE6cHo67vjqs9uTRPwiyaLs=,baobXjRLUa6oR+lEYmZY+5cyYmU=
-22,-46,jzsSgE6cHo67vjqs9uTRPwiyaLs=,baobXjRLUa6oR+lEYmZY+5cyYmU=
-26,-43,jzsSgE6cHo67vjqs9uTRPwiyaLs=,dfEhphcZS5l6uQs8SZNxPRff1MM=
-23,-44,jzsSgE6cHo67vjqs9uTRPwiyaLs=,wT9OKGvdytOozWCFG0tnGgT53VA=
-22,-44,jzsSgE6cHo67vjqs9uTRPwiyaLs=,wT9OKGvdytOozWCFG0tnGgT53VA=
-25,-43,jzsSgE6cHo67vjqs9uTRPwiyaLs=,dfEhphcZS5l6uQs8SZNxPRff1MM=
-22,-42,jzsSgE6cHo67vjqs9uTRPwiyaLs=,wT9OKGvdytOozWCFG0tnGgT53VA=
-23,-42,jzsSgE6cHo67vjqs9uTRPwiyaLs=,wT9OKGvdytOozWCFG0tnGgT53VA=
-22,-45,jzsSgE6cHo67vjqs9uTRPwiyaLs=,baobXjRLUa6oR+lEYmZY+5cyYmU=
-24,-42,jzsSgE6cHo67vjqs9uTRPwiyaLs=,wT9OKGvdytOozWCFG0tnGgT53VA=
-22,-43,jzsSgE6cHo67vjqs9uTRPwiyaLs=,wT9OKGvdytOozWCFG0tnGgT53VA=
-23,-43,jzsSgE6cHo67vjqs9uTRPwiyaLs=,wT9OKGvdytOozWCFG0tnGgT53VA=
-24,-43,jzsSgE6cHo67vjqs9uTRPwiyaLs=,wT9OKGvdytOozWCFG0tnGgT53VA=
-23,-45,jzsSgE6cHo67vjqs9uTRPwiyaLs=,baobXjRLUa6oR+lEYmZY+5cyYmU=
-25,-42,jzsSgE6cHo67vjqs9uTRPwiyaLs=,dfEhphcZS5l6uQs8SZNxPRff1MM=
-29,-41,jzsSgE6cHo67vjqs9uTRPwiyaLs=,HFOpShImUCIjsfOC74OEnA4xkjM=
-29,-43,jzsSgE6cHo67vjqs9uTRPwiyaLs=,HFOpShImUCIjsfOC74OEnA4xkjM=
-28,-42,jzsSgE6cHo67vjqs9uTRPwiyaLs=,dfEhphcZS5l6uQs8SZNxPRff1MM=
-30,-41,jzsSgE6cHo67vjqs9uTRPwiyaLs=,HFOpShImUCIjsfOC74OEnA4xkjM=
-30,-43,jzsSgE6cHo67vjqs9uTRPwiyaLs=,HFOpShImUCIjsfOC74OEnA4xkjM=
-31,-43,jzsSgE6cHo67vjqs9uTRPwiyaLs=,HFOpShImUCIjsfOC74OEnA4xkjM=
-31,-41,jzsSgE6cHo67vjqs9uTRPwiyaLs=,HFOpShImUCIjsfOC74OEnA4xkjM=
-31,-42,jzsSgE6cHo67vjqs9uTRPwiyaLs=,HFOpShImUCIjsfOC74OEnA4xkjM=
-28,-43,jzsSgE6cHo67vjqs9uTRPwiyaLs=,dfEhphcZS5l6uQs8SZNxPRff1MM=
-28,-40,jzsSgE6cHo67vjqs9uTRPwiyaLs=,ajMOMMfjfGGTqwflw1K6BaIyR4U=
-29,-40,jzsSgE6cHo67vjqs9uTRPwiyaLs=,VJ3HPugOqM7ZLRkah9c+2llJ0SQ=
-28,-41,jzsSgE6cHo67vjqs9uTRPwiyaLs=,dfEhphcZS5l6uQs8SZNxPRff1MM=
-29,-42,jzsSgE6cHo67vjqs9uTRPwiyaLs=,HFOpShImUCIjsfOC74OEnA4xkjM=
-30,-47,jzsSgE6cHo67vjqs9uTRPwiyaLs=,fH3HS1Oj8YavtzZKy/vNNDyzxsA=
-30,-40,jzsSgE6cHo67vjqs9uTRPwiyaLs=,VJ3HPugOqM7ZLRkah9c+2llJ0SQ=
-30,-42,jzsSgE6cHo67vjqs9uTRPwiyaLs=,HFOpShImUCIjsfOC74OEnA4xkjM=
-31,-40,jzsSgE6cHo67vjqs9uTRPwiyaLs=,VJ3HPugOqM7ZLRkah9c+2llJ0SQ=
-31,-47,jzsSgE6cHo67vjqs9uTRPwiyaLs=,fH3HS1Oj8YavtzZKy/vNNDyzxsA=
-31,-44,jzsSgE6cHo67vjqs9uTRPwiyaLs=,HFOpShImUCIjsfOC74OEnA4xkjM=
-30,-44,jzsSgE6cHo67vjqs9uTRPwiyaLs=,HFOpShImUCIjsfOC74OEnA4xkjM=
-30,-45,jzsSgE6cHo67vjqs9uTRPwiyaLs=,fH3HS1Oj8YavtzZKy/vNNDyzxsA=
-31,-45,jzsSgE6cHo67vjqs9uTRPwiyaLs=,fH3HS1Oj8YavtzZKy/vNNDyzxsA=
-30,-46,jzsSgE6cHo67vjqs9uTRPwiyaLs=,fH3HS1Oj8YavtzZKy/vNNDyzxsA=
-28,-45,jzsSgE6cHo67vjqs9uTRPwiyaLs=,sUmgu0T4krcI/o9KrHIoQbvjJVU=
-28,-44,jzsSgE6cHo67vjqs9uTRPwiyaLs=,dfEhphcZS5l6uQs8SZNxPRff1MM=
-24,-44,jzsSgE6cHo67vjqs9uTRPwiyaLs=,wT9OKGvdytOozWCFG0tnGgT53VA=
-27,-45,jzsSgE6cHo67vjqs9uTRPwiyaLs=,sUmgu0T4krcI/o9KrHIoQbvjJVU=
-26,-45,jzsSgE6cHo67vjqs9uTRPwiyaLs=,sUmgu0T4krcI/o9KrHIoQbvjJVU=
-31,-46,jzsSgE6cHo67vjqs9uTRPwiyaLs=,fH3HS1Oj8YavtzZKy/vNNDyzxsA=
-29,-46,jzsSgE6cHo67vjqs9uTRPwiyaLs=,fH3HS1Oj8YavtzZKy/vNNDyzxsA=
-24,-47,jzsSgE6cHo67vjqs9uTRPwiyaLs=,baobXjRLUa6oR+lEYmZY+5cyYmU=
-25,-45,jzsSgE6cHo67vjqs9uTRPwiyaLs=,sUmgu0T4krcI/o9KrHIoQbvjJVU=
-27,-44,jzsSgE6cHo67vjqs9uTRPwiyaLs=,dfEhphcZS5l6uQs8SZNxPRff1MM=
-25,-46,jzsSgE6cHo67vjqs9uTRPwiyaLs=,sUmgu0T4krcI/o9KrHIoQbvjJVU=
-29,-47,jzsSgE6cHo67vjqs9uTRPwiyaLs=,fH3HS1Oj8YavtzZKy/vNNDyzxsA=
-25,-47,jzsSgE6cHo67vjqs9uTRPwiyaLs=,sUmgu0T4krcI/o9KrHIoQbvjJVU=
-26,-46,jzsSgE6cHo67vjqs9uTRPwiyaLs=,sUmgu0T4krcI/o9KrHIoQbvjJVU=
-27,-46,jzsSgE6cHo67vjqs9uTRPwiyaLs=,sUmgu0T4krcI/o9KrHIoQbvjJVU=
-28,-46,jzsSgE6cHo67vjqs9uTRPwiyaLs=,sUmgu0T4krcI/o9KrHIoQbvjJVU=
-26,-47,jzsSgE6cHo67vjqs9uTRPwiyaLs=,sUmgu0T4krcI/o9KrHIoQbvjJVU=
-24,-40,jzsSgE6cHo67vjqs9uTRPwiyaLs=,7q4rp7WSp63djwraiizgjibkcrI=
-22,-39,jzsSgE6cHo67vjqs9uTRPwiyaLs=,7q4rp7WSp63djwraiizgjibkcrI=
-22,-40,jzsSgE6cHo67vjqs9uTRPwiyaLs=,7q4rp7WSp63djwraiizgjibkcrI=
-23,-40,jzsSgE6cHo67vjqs9uTRPwiyaLs=,7q4rp7WSp63djwraiizgjibkcrI=
-25,-40,jzsSgE6cHo67vjqs9uTRPwiyaLs=,ajMOMMfjfGGTqwflw1K6BaIyR4U=
-24,-38,jzsSgE6cHo67vjqs9uTRPwiyaLs=,7q4rp7WSp63djwraiizgjibkcrI=
-23,-38,jzsSgE6cHo67vjqs9uTRPwiyaLs=,7q4rp7WSp63djwraiizgjibkcrI=
-25,-41,jzsSgE6cHo67vjqs9uTRPwiyaLs=,dfEhphcZS5l6uQs8SZNxPRff1MM=
-24,-39,jzsSgE6cHo67vjqs9uTRPwiyaLs=,7q4rp7WSp63djwraiizgjibkcrI=
-23,-39,jzsSgE6cHo67vjqs9uTRPwiyaLs=,7q4rp7WSp63djwraiizgjibkcrI=
-25,-39,jzsSgE6cHo67vjqs9uTRPwiyaLs=,ajMOMMfjfGGTqwflw1K6BaIyR4U=
-22,-38,jzsSgE6cHo67vjqs9uTRPwiyaLs=,7q4rp7WSp63djwraiizgjibkcrI=
-24,-41,jzsSgE6cHo67vjqs9uTRPwiyaLs=,wT9OKGvdytOozWCFG0tnGgT53VA=
-23,-41,jzsSgE6cHo67vjqs9uTRPwiyaLs=,wT9OKGvdytOozWCFG0tnGgT53VA=
-25,-38,jzsSgE6cHo67vjqs9uTRPwiyaLs=,ajMOMMfjfGGTqwflw1K6BaIyR4U=
-22,-41,jzsSgE6cHo67vjqs9uTRPwiyaLs=,wT9OKGvdytOozWCFG0tnGgT53VA=
-24,-46,jzsSgE6cHo67vjqs9uTRPwiyaLs=,baobXjRLUa6oR+lEYmZY+5cyYmU=
-27,-47,jzsSgE6cHo67vjqs9uTRPwiyaLs=,sUmgu0T4krcI/o9KrHIoQbvjJVU=
-29,-44,jzsSgE6cHo67vjqs9uTRPwiyaLs=,HFOpShImUCIjsfOC74OEnA4xkjM=
-26,-44,jzsSgE6cHo67vjqs9uTRPwiyaLs=,dfEhphcZS5l6uQs8SZNxPRff1MM=
-25,-44,jzsSgE6cHo67vjqs9uTRPwiyaLs=,dfEhphcZS5l6uQs8SZNxPRff1MM=
-24,-45,jzsSgE6cHo67vjqs9uTRPwiyaLs=,baobXjRLUa6oR+lEYmZY+5cyYmU=
-29,-45,jzsSgE6cHo67vjqs9uTRPwiyaLs=,fH3HS1Oj8YavtzZKy/vNNDyzxsA=
-28,-47,jzsSgE6cHo67vjqs9uTRPwiyaLs=,sUmgu0T4krcI/o9KrHIoQbvjJVU=
-18,-39,jzsSgE6cHo67vjqs9uTRPwiyaLs=,B7ceH4xZs8DahM1ujQQy5ZZ6k/o=
-18,-38,jzsSgE6cHo67vjqs9uTRPwiyaLs=,B7ceH4xZs8DahM1ujQQy5ZZ6k/o=
-21,-38,jzsSgE6cHo67vjqs9uTRPwiyaLs=,7q4rp7WSp63djwraiizgjibkcrI=
-21,-39,jzsSgE6cHo67vjqs9uTRPwiyaLs=,7q4rp7WSp63djwraiizgjibkcrI=
-19,-38,jzsSgE6cHo67vjqs9uTRPwiyaLs=,B7ceH4xZs8DahM1ujQQy5ZZ6k/o=
-19,-39,jzsSgE6cHo67vjqs9uTRPwiyaLs=,B7ceH4xZs8DahM1ujQQy5ZZ6k/o=
-21,-47,jzsSgE6cHo67vjqs9uTRPwiyaLs=,baobXjRLUa6oR+lEYmZY+5cyYmU=
-21,-46,jzsSgE6cHo67vjqs9uTRPwiyaLs=,baobXjRLUa6oR+lEYmZY+5cyYmU=
-20,-38,jzsSgE6cHo67vjqs9uTRPwiyaLs=,B7ceH4xZs8DahM1ujQQy5ZZ6k/o=
-17,-38,jzsSgE6cHo67vjqs9uTRPwiyaLs=,B7ceH4xZs8DahM1ujQQy5ZZ6k/o=
-17,-39,jzsSgE6cHo67vjqs9uTRPwiyaLs=,B7ceH4xZs8DahM1ujQQy5ZZ6k/o=
-20,-39,jzsSgE6cHo67vjqs9uTRPwiyaLs=,B7ceH4xZs8DahM1ujQQy5ZZ6k/o=
-32,-42,jzsSgE6cHo67vjqs9uTRPwiyaLs=,HFOpShImUCIjsfOC74OEnA4xkjM=
-32,-43,jzsSgE6cHo67vjqs9uTRPwiyaLs=,HFOpShImUCIjsfOC74OEnA4xkjM=
-32,-40,jzsSgE6cHo67vjqs9uTRPwiyaLs=,VJ3HPugOqM7ZLRkah9c+2llJ0SQ=
-32,-41,jzsSgE6cHo67vjqs9uTRPwiyaLs=,HFOpShImUCIjsfOC74OEnA4xkjM=
-23,-37,jzsSgE6cHo67vjqs9uTRPwiyaLs=,7q4rp7WSp63djwraiizgjibkcrI=
-32,-39,jzsSgE6cHo67vjqs9uTRPwiyaLs=,VJ3HPugOqM7ZLRkah9c+2llJ0SQ=
-22,-37,jzsSgE6cHo67vjqs9uTRPwiyaLs=,7q4rp7WSp63djwraiizgjibkcrI=
-25,-37,jzsSgE6cHo67vjqs9uTRPwiyaLs=,ajMOMMfjfGGTqwflw1K6BaIyR4U=
-32,-38,jzsSgE6cHo67vjqs9uTRPwiyaLs=,VJ3HPugOqM7ZLRkah9c+2llJ0SQ=
-20,-43,jzsSgE6cHo67vjqs9uTRPwiyaLs=,lu1IZCFG5ZAbo5Vbx8tJGVmOY9Q=
-20,-42,jzsSgE6cHo67vjqs9uTRPwiyaLs=,lu1IZCFG5ZAbo5Vbx8tJGVmOY9Q=
-19,-42,jzsSgE6cHo67vjqs9uTRPwiyaLs=,lu1IZCFG5ZAbo5Vbx8tJGVmOY9Q=
-20,-41,jzsSgE6cHo67vjqs9uTRPwiyaLs=,lu1IZCFG5ZAbo5Vbx8tJGVmOY9Q=
-19,-41,jzsSgE6cHo67vjqs9uTRPwiyaLs=,lu1IZCFG5ZAbo5Vbx8tJGVmOY9Q=
-17,-43,jzsSgE6cHo67vjqs9uTRPwiyaLs=,lu1IZCFG5ZAbo5Vbx8tJGVmOY9Q=
-21,-41,jzsSgE6cHo67vjqs9uTRPwiyaLs=,wT9OKGvdytOozWCFG0tnGgT53VA=
-19,-44,jzsSgE6cHo67vjqs9uTRPwiyaLs=,lu1IZCFG5ZAbo5Vbx8tJGVmOY9Q=
-21,-42,jzsSgE6cHo67vjqs9uTRPwiyaLs=,wT9OKGvdytOozWCFG0tnGgT53VA=
-20,-44,jzsSgE6cHo67vjqs9uTRPwiyaLs=,lu1IZCFG5ZAbo5Vbx8tJGVmOY9Q=
-18,-43,jzsSgE6cHo67vjqs9uTRPwiyaLs=,lu1IZCFG5ZAbo5Vbx8tJGVmOY9Q=
-21,-45,jzsSgE6cHo67vjqs9uTRPwiyaLs=,baobXjRLUa6oR+lEYmZY+5cyYmU=
-17,-44,jzsSgE6cHo67vjqs9uTRPwiyaLs=,lu1IZCFG5ZAbo5Vbx8tJGVmOY9Q=
-21,-43,jzsSgE6cHo67vjqs9uTRPwiyaLs=,wT9OKGvdytOozWCFG0tnGgT53VA=
-19,-43,jzsSgE6cHo67vjqs9uTRPwiyaLs=,lu1IZCFG5ZAbo5Vbx8tJGVmOY9Q=
-21,-44,jzsSgE6cHo67vjqs9uTRPwiyaLs=,wT9OKGvdytOozWCFG0tnGgT53VA=
-18,-41,jzsSgE6cHo67vjqs9uTRPwiyaLs=,lu1IZCFG5ZAbo5Vbx8tJGVmOY9Q=
-18,-42,jzsSgE6cHo67vjqs9uTRPwiyaLs=,lu1IZCFG5ZAbo5Vbx8tJGVmOY9Q=
-17,-42,jzsSgE6cHo67vjqs9uTRPwiyaLs=,lu1IZCFG5ZAbo5Vbx8tJGVmOY9Q=
-18,-44,jzsSgE6cHo67vjqs9uTRPwiyaLs=,lu1IZCFG5ZAbo5Vbx8tJGVmOY9Q=
-32,-46,jzsSgE6cHo67vjqs9uTRPwiyaLs=,fH3HS1Oj8YavtzZKy/vNNDyzxsA=
-24,-37,jzsSgE6cHo67vjqs9uTRPwiyaLs=,7q4rp7WSp63djwraiizgjibkcrI=
-32,-45,jzsSgE6cHo67vjqs9uTRPwiyaLs=,fH3HS1Oj8YavtzZKy/vNNDyzxsA=
-32,-44,jzsSgE6cHo67vjqs9uTRPwiyaLs=,HFOpShImUCIjsfOC74OEnA4xkjM=
-20,-40,jzsSgE6cHo67vjqs9uTRPwiyaLs=,B7ceH4xZs8DahM1ujQQy5ZZ6k/o=
-32,-47,jzsSgE6cHo67vjqs9uTRPwiyaLs=,fH3HS1Oj8YavtzZKy/vNNDyzxsA=
-19,-40,jzsSgE6cHo67vjqs9uTRPwiyaLs=,B7ceH4xZs8DahM1ujQQy5ZZ6k/o=
-21,-40,jzsSgE6cHo67vjqs9uTRPwiyaLs=,7q4rp7WSp63djwraiizgjibkcrI=
-32,-37,jzsSgE6cHo67vjqs9uTRPwiyaLs=,VJ3HPugOqM7ZLRkah9c+2llJ0SQ=
-17,-41,jzsSgE6cHo67vjqs9uTRPwiyaLs=,lu1IZCFG5ZAbo5Vbx8tJGVmOY9Q=
-17,-40,jzsSgE6cHo67vjqs9uTRPwiyaLs=,B7ceH4xZs8DahM1ujQQy5ZZ6k/o=
-18,-40,jzsSgE6cHo67vjqs9uTRPwiyaLs=,B7ceH4xZs8DahM1ujQQy5ZZ6k/o=
-17,-33,jzsSgE6cHo67vjqs9uTRPwiyaLs=,lC+3fSYhwOJSs3+u/15+eQ8UtVI=
-17,-35,jzsSgE6cHo67vjqs9uTRPwiyaLs=,lC+3fSYhwOJSs3+u/15+eQ8UtVI=
-18,-35,jzsSgE6cHo67vjqs9uTRPwiyaLs=,lC+3fSYhwOJSs3+u/15+eQ8UtVI=
-17,-36,jzsSgE6cHo67vjqs9uTRPwiyaLs=,lC+3fSYhwOJSs3+u/15+eQ8UtVI=
-17,-34,jzsSgE6cHo67vjqs9uTRPwiyaLs=,lC+3fSYhwOJSs3+u/15+eQ8UtVI=
-18,-36,jzsSgE6cHo67vjqs9uTRPwiyaLs=,lC+3fSYhwOJSs3+u/15+eQ8UtVI=
-19,-37,jzsSgE6cHo67vjqs9uTRPwiyaLs=,B7ceH4xZs8DahM1ujQQy5ZZ6k/o=
-17,-37,jzsSgE6cHo67vjqs9uTRPwiyaLs=,B7ceH4xZs8DahM1ujQQy5ZZ6k/o=
-19,-34,jzsSgE6cHo67vjqs9uTRPwiyaLs=,lC+3fSYhwOJSs3+u/15+eQ8UtVI=
-18,-34,jzsSgE6cHo67vjqs9uTRPwiyaLs=,lC+3fSYhwOJSs3+u/15+eQ8UtVI=
-20,-35,jzsSgE6cHo67vjqs9uTRPwiyaLs=,lC+3fSYhwOJSs3+u/15+eQ8UtVI=
-19,-35,jzsSgE6cHo67vjqs9uTRPwiyaLs=,lC+3fSYhwOJSs3+u/15+eQ8UtVI=
-20,-33,jzsSgE6cHo67vjqs9uTRPwiyaLs=,lC+3fSYhwOJSs3+u/15+eQ8UtVI=
-20,-37,jzsSgE6cHo67vjqs9uTRPwiyaLs=,B7ceH4xZs8DahM1ujQQy5ZZ6k/o=
-21,-37,jzsSgE6cHo67vjqs9uTRPwiyaLs=,7q4rp7WSp63djwraiizgjibkcrI=
-19,-36,jzsSgE6cHo67vjqs9uTRPwiyaLs=,lC+3fSYhwOJSs3+u/15+eQ8UtVI=
-19,-33,jzsSgE6cHo67vjqs9uTRPwiyaLs=,lC+3fSYhwOJSs3+u/15+eQ8UtVI=
-20,-34,jzsSgE6cHo67vjqs9uTRPwiyaLs=,lC+3fSYhwOJSs3+u/15+eQ8UtVI=
-18,-33,jzsSgE6cHo67vjqs9uTRPwiyaLs=,lC+3fSYhwOJSs3+u/15+eQ8UtVI=
-20,-36,jzsSgE6cHo67vjqs9uTRPwiyaLs=,lC+3fSYhwOJSs3+u/15+eQ8UtVI=
-18,-37,jzsSgE6cHo67vjqs9uTRPwiyaLs=,B7ceH4xZs8DahM1ujQQy5ZZ6k/o=
