-39,30,CTH7RfUd10FU4oXNU+Y0pTBeu2U=,z1M5ba+jajY5x219Ywh0NCISK/g=
-38,30,CTH7RfUd10FU4oXNU+Y0pTBeu2U=,z1M5ba+jajY5x219Ywh0NCISK/g=
-39,29,CTH7RfUd10FU4oXNU+Y0pTBeu2U=,z1M5ba+jajY5x219Ywh0NCISK/g=
-38,29,CTH7RfUd10FU4oXNU+Y0pTBeu2U=,z1M5ba+jajY5x219Ywh0NCISK/g=
-35,25,CTH7RfUd10FU4oXNU+Y0pTBeu2U=,SWBXExXgFTywDXoJ+nKyIdTOSvk=
-36,29,CTH7RfUd10FU4oXNU+Y0pTBeu2U=,20k5P48eGwbla67YZerx50g+s2A=
-34,25,CTH7RfUd10FU4oXNU+Y0pTBeu2U=,SWBXExXgFTywDXoJ+nKyIdTOSvk=
-37,30,CTH7RfUd10FU4oXNU+Y0pTBeu2U=,z1M5ba+jajY5x219Ywh0NCISK/g=
-37,29,CTH7RfUd10FU4oXNU+Y0pTBeu2U=,z1M5ba+jajY5x219Ywh0NCISK/g=
-34,28,CTH7RfUd10FU4oXNU+Y0pTBeu2U=,20k5P48eGwbla67YZerx50g+s2A=
-39,25,CTH7RfUd10FU4oXNU+Y0pTBeu2U=,72SaLCxdgHHd/+dohRV4AHwv6zo=
-35,26,CTH7RfUd10FU4oXNU+Y0pTBeu2U=,SWBXExXgFTywDXoJ+nKyIdTOSvk=
-38,25,CTH7RfUd10FU4oXNU+Y0pTBeu2U=,72SaLCxdgHHd/+dohRV4AHwv6zo=
-35,28,CTH7RfUd10FU4oXNU+Y0pTBeu2U=,20k5P48eGwbla67YZerx50g+s2A=
-35,29,CTH7RfUd10FU4oXNU+Y0pTBeu2U=,20k5P48eGwbla67YZerx50g+s2A=
-37,27,CTH7RfUd10FU4oXNU+Y0pTBeu2U=,72SaLCxdgHHd/+dohRV4AHwv6zo=
-34,30,CTH7RfUd10FU4oXNU+Y0pTBeu2U=,20k5P48eGwbla67YZerx50g+s2A=
-34,29,CTH7RfUd10FU4oXNU+Y0pTBeu2U=,20k5P48eGwbla67YZerx50g+s2A=
-36,28,CTH7RfUd10FU4oXNU+Y0pTBeu2U=,20k5P48eGwbla67YZerx50g+s2A=
-38,27,CTH7RfUd10FU4oXNU+Y0pTBeu2U=,72SaLCxdgHHd/+dohRV4AHwv6zo=
-35,30,CTH7RfUd10FU4oXNU+Y0pTBeu2U=,20k5P48eGwbla67YZerx50g+s2A=
-36,26,CTH7RfUd10FU4oXNU+Y0pTBeu2U=,SWBXExXgFTywDXoJ+nKyIdTOSvk=
-39,27,CTH7RfUd10FU4oXNU+Y0pTBeu2U=,72SaLCxdgHHd/+dohRV4AHwv6zo=
-36,30,CTH7RfUd10FU4oXNU+Y0pTBeu2U=,20k5P48eGwbla67YZerx50g+s2A=
-34,27,CTH7RfUd10FU4oXNU+Y0pTBeu2U=,SWBXExXgFTywDXoJ+nKyIdTOSvk=
-35,27,CTH7RfUd10FU4oXNU+Y0pTBeu2U=,SWBXExXgFTywDXoJ+nKyIdTOSvk=
-34,26,CTH7RfUd10FU4oXNU+Y0pTBeu2U=,SWBXExXgFTywDXoJ+nKyIdTOSvk=
-37,25,CTH7RfUd10FU4oXNU+Y0pTBeu2U=,72SaLCxdgHHd/+dohRV4AHwv6zo=
-39,28,CTH7RfUd10FU4oXNU+Y0pTBeu2U=,z1M5ba+jajY5x219Ywh0NCISK/g=
-39,26,CTH7RfUd10FU4oXNU+Y0pTBeu2U=,72SaLCxdgHHd/+dohRV4AHwv6zo=
-38,26,CTH7RfUd10FU4oXNU+Y0pTBeu2U=,72SaLCxdgHHd/+dohRV4AHwv6zo=
-36,27,CTH7RfUd10FU4oXNU+Y0pTBeu2U=,SWBXExXgFTywDXoJ+nKyIdTOSvk=
-36,25,CTH7RfUd10FU4oXNU+Y0pTBeu2U=,SWBXExXgFTywDXoJ+nKyIdTOSvk=
-37,26,CTH7RfUd10FU4oXNU+Y0pTBeu2U=,72SaLCxdgHHd/+dohRV4AHwv6zo=
-38,28,CTH7RfUd10FU4oXNU+Y0pTBeu2U=,z1M5ba+jajY5x219Ywh0NCISK/g=
-37,28,CTH7RfUd10FU4oXNU+Y0pTBeu2U=,z1M5ba+jajY5x219Ywh0NCISK/g=
-40,25,CTH7RfUd10FU4oXNU+Y0pTBeu2U=,72SaLCxdgHHd/+dohRV4AHwv6zo=
-40,26,CTH7RfUd10FU4oXNU+Y0pTBeu2U=,72SaLCxdgHHd/+dohRV4AHwv6zo=
-43,26,CTH7RfUd10FU4oXNU+Y0pTBeu2U=,sJZRcKPUm0bwl68wPmOq81DdeDU=
-42,26,CTH7RfUd10FU4oXNU+Y0pTBeu2U=,sJZRcKPUm0bwl68wPmOq81DdeDU=
-41,26,CTH7RfUd10FU4oXNU+Y0pTBeu2U=,sJZRcKPUm0bwl68wPmOq81DdeDU=
-43,25,CTH7RfUd10FU4oXNU+Y0pTBeu2U=,sJZRcKPUm0bwl68wPmOq81DdeDU=
-42,25,CTH7RfUd10FU4oXNU+Y0pTBeu2U=,sJZRcKPUm0bwl68wPmOq81DdeDU=
-41,25,CTH7RfUd10FU4oXNU+Y0pTBeu2U=,sJZRcKPUm0bwl68wPmOq81DdeDU=
-40,28,CTH7RfUd10FU4oXNU+Y0pTBeu2U=,z1M5ba+jajY5x219Ywh0NCISK/g=
-43,30,CTH7RfUd10FU4oXNU+Y0pTBeu2U=,Pcpy4aH2JxdZ/T27UKMwGUnm2/k=
-42,30,CTH7RfUd10FU4oXNU+Y0pTBeu2U=,Pcpy4aH2JxdZ/T27UKMwGUnm2/k=
-43,28,CTH7RfUd10FU4oXNU+Y0pTBeu2U=,Pcpy4aH2JxdZ/T27UKMwGUnm2/k=
-41,30,CTH7RfUd10FU4oXNU+Y0pTBeu2U=,Pcpy4aH2JxdZ/T27UKMwGUnm2/k=
-40,30,CTH7RfUd10FU4oXNU+Y0pTBeu2U=,z1M5ba+jajY5x219Ywh0NCISK/g=
-47,25,CTH7RfUd10FU4oXNU+Y0pTBeu2U=,iKjNT95L3aSS9Ez1IPN+sZIN6vs=
-46,25,CTH7RfUd10FU4oXNU+Y0pTBeu2U=,iKjNT95L3aSS9Ez1IPN+sZIN6vs=
-42,28,CTH7RfUd10FU4oXNU+Y0pTBeu2U=,Pcpy4aH2JxdZ/T27UKMwGUnm2/k=
-45,25,CTH7RfUd10FU4oXNU+Y0pTBeu2U=,iKjNT95L3aSS9Ez1IPN+sZIN6vs=
-41,28,CTH7RfUd10FU4oXNU+Y0pTBeu2U=,Pcpy4aH2JxdZ/T27UKMwGUnm2/k=
-47,26,CTH7RfUd10FU4oXNU+Y0pTBeu2U=,iKjNT95L3aSS9Ez1IPN+sZIN6vs=
-40,27,CTH7RfUd10FU4oXNU+Y0pTBeu2U=,72SaLCxdgHHd/+dohRV4AHwv6zo=
-46,26,CTH7RfUd10FU4oXNU+Y0pTBeu2U=,iKjNT95L3aSS9Ez1IPN+sZIN6vs=
-43,27,CTH7RfUd10FU4oXNU+Y0pTBeu2U=,sJZRcKPUm0bwl68wPmOq81DdeDU=
-45,26,CTH7RfUd10FU4oXNU+Y0pTBeu2U=,iKjNT95L3aSS9Ez1IPN+sZIN6vs=
-43,29,CTH7RfUd10FU4oXNU+Y0pTBeu2U=,Pcpy4aH2JxdZ/T27UKMwGUnm2/k=
-44,26,CTH7RfUd10FU4oXNU+Y0pTBeu2U=,sJZRcKPUm0bwl68wPmOq81DdeDU=
-44,25,CTH7RfUd10FU4oXNU+Y0pTBeu2U=,sJZRcKPUm0bwl68wPmOq81DdeDU=
-42,29,CTH7RfUd10FU4oXNU+Y0pTBeu2U=,Pcpy4aH2JxdZ/T27UKMwGUnm2/k=
-42,27,CTH7RfUd10FU4oXNU+Y0pTBeu2U=,sJZRcKPUm0bwl68wPmOq81DdeDU=
-41,27,CTH7RfUd10FU4oXNU+Y0pTBeu2U=,sJZRcKPUm0bwl68wPmOq81DdeDU=
-40,29,CTH7RfUd10FU4oXNU+Y0pTBeu2U=,z1M5ba+jajY5x219Ywh0NCISK/g=
-41,29,CTH7RfUd10FU4oXNU+Y0pTBeu2U=,Pcpy4aH2JxdZ/T27UKMwGUnm2/k=
-44,28,CTH7RfUd10FU4oXNU+Y0pTBeu2U=,Pcpy4aH2JxdZ/T27UKMwGUnm2/k=
-44,30,CTH7RfUd10FU4oXNU+Y0pTBeu2U=,Pcpy4aH2JxdZ/T27UKMwGUnm2/k=
-47,30,CTH7RfUd10FU4oXNU+Y0pTBeu2U=,sSd7rJUj+kAF6QcjaUv0/vCde8Q=
-46,30,CTH7RfUd10FU4oXNU+Y0pTBeu2U=,sSd7rJUj+kAF6QcjaUv0/vCde8Q=
-47,27,CTH7RfUd10FU4oXNU+Y0pTBeu2U=,iKjNT95L3aSS9Ez1IPN+sZIN6vs=
-46,27,CTH7RfUd10FU4oXNU+Y0pTBeu2U=,iKjNT95L3aSS9Ez1IPN+sZIN6vs=
-45,30,CTH7RfUd10FU4oXNU+Y0pTBeu2U=,sSd7rJUj+kAF6QcjaUv0/vCde8Q=
-45,27,CTH7RfUd10FU4oXNU+Y0pTBeu2U=,iKjNT95L3aSS9Ez1IPN+sZIN6vs=
-47,28,CTH7RfUd10FU4oXNU+Y0pTBeu2U=,sSd7rJUj+kAF6QcjaUv0/vCde8Q=
-44,27,CTH7RfUd10FU4oXNU+Y0pTBeu2U=,sJZRcKPUm0bwl68wPmOq81DdeDU=
-44,29,CTH7RfUd10FU4oXNU+Y0pTBeu2U=,Pcpy4aH2JxdZ/T27UKMwGUnm2/k=
-43,21,CTH7RfUd10FU4oXNU+Y0pTBeu2U=,lgIHmWbu+Yu/VT4TQVbDDJJjgnc=
-46,28,CTH7RfUd10FU4oXNU+Y0pTBeu2U=,sSd7rJUj+kAF6QcjaUv0/vCde8Q=
-45,28,CTH7RfUd10FU4oXNU+Y0pTBeu2U=,sSd7rJUj+kAF6QcjaUv0/vCde8Q=
-47,29,CTH7RfUd10FU4oXNU+Y0pTBeu2U=,sSd7rJUj+kAF6QcjaUv0/vCde8Q=
-45,29,CTH7RfUd10FU4oXNU+Y0pTBeu2U=,sSd7rJUj+kAF6QcjaUv0/vCde8Q=
-46,29,CTH7RfUd10FU4oXNU+Y0pTBeu2U=,sSd7rJUj+kAF6QcjaUv0/vCde8Q=
-42,21,CTH7RfUd10FU4oXNU+Y0pTBeu2U=,lgIHmWbu+Yu/VT4TQVbDDJJjgnc=
-43,22,CTH7RfUd10FU4oXNU+Y0pTBeu2U=,lgIHmWbu+Yu/VT4TQVbDDJJjgnc=
-42,22,CTH7RfUd10FU4oXNU+Y0pTBeu2U=,lgIHmWbu+Yu/VT4TQVbDDJJjgnc=
-43,24,CTH7RfUd10FU4oXNU+Y0pTBeu2U=,sJZRcKPUm0bwl68wPmOq81DdeDU=
-43,23,CTH7RfUd10FU4oXNU+Y0pTBeu2U=,lgIHmWbu+Yu/VT4TQVbDDJJjgnc=
-42,23,CTH7RfUd10FU4oXNU+Y0pTBeu2U=,lgIHmWbu+Yu/VT4TQVbDDJJjgnc=
-42,24,CTH7RfUd10FU4oXNU+Y0pTBeu2U=,sJZRcKPUm0bwl68wPmOq81DdeDU=
-47,24,CTH7RfUd10FU4oXNU+Y0pTBeu2U=,iKjNT95L3aSS9Ez1IPN+sZIN6vs=
-43,20,CTH7RfUd10FU4oXNU+Y0pTBeu2U=,lgIHmWbu+Yu/VT4TQVbDDJJjgnc=
-44,21,CTH7RfUd10FU4oXNU+Y0pTBeu2U=,lgIHmWbu+Yu/VT4TQVbDDJJjgnc=
-43,18,CTH7RfUd10FU4oXNU+Y0pTBeu2U=,qPiyLv6hvokHjYcChnpnE5Fvaic=
-46,24,CTH7RfUd10FU4oXNU+Y0pTBeu2U=,iKjNT95L3aSS9Ez1IPN+sZIN6vs=
-42,20,CTH7RfUd10FU4oXNU+Y0pTBeu2U=,lgIHmWbu+Yu/VT4TQVbDDJJjgnc=
-45,21,CTH7RfUd10FU4oXNU+Y0pTBeu2U=,kMbL+6jGV0vlNR8k4zHQjAuqA3k=
-42,19,CTH7RfUd10FU4oXNU+Y0pTBeu2U=,qPiyLv6hvokHjYcChnpnE5Fvaic=
-45,24,CTH7RfUd10FU4oXNU+Y0pTBeu2U=,iKjNT95L3aSS9Ez1IPN+sZIN6vs=
-47,21,CTH7RfUd10FU4oXNU+Y0pTBeu2U=,kMbL+6jGV0vlNR8k4zHQjAuqA3k=
-46,21,CTH7RfUd10FU4oXNU+Y0pTBeu2U=,kMbL+6jGV0vlNR8k4zHQjAuqA3k=
-42,17,CTH7RfUd10FU4oXNU+Y0pTBeu2U=,qPiyLv6hvokHjYcChnpnE5Fvaic=
-45,23,CTH7RfUd10FU4oXNU+Y0pTBeu2U=,kMbL+6jGV0vlNR8k4zHQjAuqA3k=
-43,17,CTH7RfUd10FU4oXNU+Y0pTBeu2U=,qPiyLv6hvokHjYcChnpnE5Fvaic=
-42,18,CTH7RfUd10FU4oXNU+Y0pTBeu2U=,qPiyLv6hvokHjYcChnpnE5Fvaic=
-44,23,CTH7RfUd10FU4oXNU+Y0pTBeu2U=,lgIHmWbu+Yu/VT4TQVbDDJJjgnc=
-44,24,CTH7RfUd10FU4oXNU+Y0pTBeu2U=,sJZRcKPUm0bwl68wPmOq81DdeDU=
-43,19,CTH7RfUd10FU4oXNU+Y0pTBeu2U=,qPiyLv6hvokHjYcChnpnE5Fvaic=
-46,23,CTH7RfUd10FU4oXNU+Y0pTBeu2U=,kMbL+6jGV0vlNR8k4zHQjAuqA3k=
-44,22,CTH7RfUd10FU4oXNU+Y0pTBeu2U=,lgIHmWbu+Yu/VT4TQVbDDJJjgnc=
-47,22,CTH7RfUd10FU4oXNU+Y0pTBeu2U=,kMbL+6jGV0vlNR8k4zHQjAuqA3k=
-47,23,CTH7RfUd10FU4oXNU+Y0pTBeu2U=,kMbL+6jGV0vlNR8k4zHQjAuqA3k=
-45,22,CTH7RfUd10FU4oXNU+Y0pTBeu2U=,kMbL+6jGV0vlNR8k4zHQjAuqA3k=
-46,22,CTH7RfUd10FU4oXNU+Y0pTBeu2U=,kMbL+6jGV0vlNR8k4zHQjAuqA3k=
-46,20,CTH7RfUd10FU4oXNU+Y0pTBeu2U=,kMbL+6jGV0vlNR8k4zHQjAuqA3k=
-47,17,CTH7RfUd10FU4oXNU+Y0pTBeu2U=,RiPyKbL3uHfHv6RMI0FKvMUe+2s=
-47,20,CTH7RfUd10FU4oXNU+Y0pTBeu2U=,kMbL+6jGV0vlNR8k4zHQjAuqA3k=
-40,17,CTH7RfUd10FU4oXNU+Y0pTBeu2U=,WsadXmnEqN3oBLshg16BH9W4Ghc=
-44,17,CTH7RfUd10FU4oXNU+Y0pTBeu2U=,qPiyLv6hvokHjYcChnpnE5Fvaic=
-39,17,CTH7RfUd10FU4oXNU+Y0pTBeu2U=,WsadXmnEqN3oBLshg16BH9W4Ghc=
-44,19,CTH7RfUd10FU4oXNU+Y0pTBeu2U=,qPiyLv6hvokHjYcChnpnE5Fvaic=
-41,17,CTH7RfUd10FU4oXNU+Y0pTBeu2U=,qPiyLv6hvokHjYcChnpnE5Fvaic=
-38,17,CTH7RfUd10FU4oXNU+Y0pTBeu2U=,WsadXmnEqN3oBLshg16BH9W4Ghc=
-38,18,CTH7RfUd10FU4oXNU+Y0pTBeu2U=,WsadXmnEqN3oBLshg16BH9W4Ghc=
-47,18,CTH7RfUd10FU4oXNU+Y0pTBeu2U=,RiPyKbL3uHfHv6RMI0FKvMUe+2s=
-40,18,CTH7RfUd10FU4oXNU+Y0pTBeu2U=,WsadXmnEqN3oBLshg16BH9W4Ghc=
-45,20,CTH7RfUd10FU4oXNU+Y0pTBeu2U=,kMbL+6jGV0vlNR8k4zHQjAuqA3k=
-39,18,CTH7RfUd10FU4oXNU+Y0pTBeu2U=,WsadXmnEqN3oBLshg16BH9W4Ghc=
-41,18,CTH7RfUd10FU4oXNU+Y0pTBeu2U=,qPiyLv6hvokHjYcChnpnE5Fvaic=
-45,17,CTH7RfUd10FU4oXNU+Y0pTBeu2U=,RiPyKbL3uHfHv6RMI0FKvMUe+2s=
-45,18,CTH7RfUd10FU4oXNU+Y0pTBeu2U=,RiPyKbL3uHfHv6RMI0FKvMUe+2s=
-44,20,CTH7RfUd10FU4oXNU+Y0pTBeu2U=,lgIHmWbu+Yu/VT4TQVbDDJJjgnc=
-46,18,CTH7RfUd10FU4oXNU+Y0pTBeu2U=,RiPyKbL3uHfHv6RMI0FKvMUe+2s=
-46,17,CTH7RfUd10FU4oXNU+Y0pTBeu2U=,RiPyKbL3uHfHv6RMI0FKvMUe+2s=
-47,19,CTH7RfUd10FU4oXNU+Y0pTBeu2U=,RiPyKbL3uHfHv6RMI0FKvMUe+2s=
-46,19,CTH7RfUd10FU4oXNU+Y0pTBeu2U=,RiPyKbL3uHfHv6RMI0FKvMUe+2s=
-44,18,CTH7RfUd10FU4oXNU+Y0pTBeu2U=,qPiyLv6hvokHjYcChnpnE5Fvaic=
-45,19,CTH7RfUd10FU4oXNU+Y0pTBeu2U=,RiPyKbL3uHfHv6RMI0FKvMUe+2s=
-36,23,CTH7RfUd10FU4oXNU+Y0pTBeu2U=,mFvf2+5plVfUO9qFW+AdE6be51U=
-34,22,CTH7RfUd10FU4oXNU+Y0pTBeu2U=,mFvf2+5plVfUO9qFW+AdE6be51U=
-33,22,CTH7RfUd10FU4oXNU+Y0pTBeu2U=,mFvf2+5plVfUO9qFW+AdE6be51U=
-35,22,CTH7RfUd10FU4oXNU+Y0pTBeu2U=,mFvf2+5plVfUO9qFW+AdE6be51U=
-37,23,CTH7RfUd10FU4oXNU+Y0pTBeu2U=,KCPZU30IjOPO5smTKUS2o0iMGn0=
-36,22,CTH7RfUd10FU4oXNU+Y0pTBeu2U=,mFvf2+5plVfUO9qFW+AdE6be51U=
-39,16,CTH7RfUd10FU4oXNU+Y0pTBeu2U=,WsadXmnEqN3oBLshg16BH9W4Ghc=
-33,21,CTH7RfUd10FU4oXNU+Y0pTBeu2U=,mFvf2+5plVfUO9qFW+AdE6be51U=
-34,24,CTH7RfUd10FU4oXNU+Y0pTBeu2U=,SWBXExXgFTywDXoJ+nKyIdTOSvk=
-35,24,CTH7RfUd10FU4oXNU+Y0pTBeu2U=,SWBXExXgFTywDXoJ+nKyIdTOSvk=
-40,21,CTH7RfUd10FU4oXNU+Y0pTBeu2U=,KCPZU30IjOPO5smTKUS2o0iMGn0=
-38,16,CTH7RfUd10FU4oXNU+Y0pTBeu2U=,WsadXmnEqN3oBLshg16BH9W4Ghc=
-41,23,CTH7RfUd10FU4oXNU+Y0pTBeu2U=,lgIHmWbu+Yu/VT4TQVbDDJJjgnc=
-43,16,CTH7RfUd10FU4oXNU+Y0pTBeu2U=,qPiyLv6hvokHjYcChnpnE5Fvaic=
-34,21,CTH7RfUd10FU4oXNU+Y0pTBeu2U=,mFvf2+5plVfUO9qFW+AdE6be51U=
-39,21,CTH7RfUd10FU4oXNU+Y0pTBeu2U=,KCPZU30IjOPO5smTKUS2o0iMGn0=
-41,16,CTH7RfUd10FU4oXNU+Y0pTBeu2U=,qPiyLv6hvokHjYcChnpnE5Fvaic=
-40,16,CTH7RfUd10FU4oXNU+Y0pTBeu2U=,WsadXmnEqN3oBLshg16BH9W4Ghc=
-42,16,CTH7RfUd10FU4oXNU+Y0pTBeu2U=,qPiyLv6hvokHjYcChnpnE5Fvaic=
-41,20,CTH7RfUd10FU4oXNU+Y0pTBeu2U=,lgIHmWbu+Yu/VT4TQVbDDJJjgnc=
-37,22,CTH7RfUd10FU4oXNU+Y0pTBeu2U=,KCPZU30IjOPO5smTKUS2o0iMGn0=
-45,16,CTH7RfUd10FU4oXNU+Y0pTBeu2U=,RiPyKbL3uHfHv6RMI0FKvMUe+2s=
-40,24,CTH7RfUd10FU4oXNU+Y0pTBeu2U=,72SaLCxdgHHd/+dohRV4AHwv6zo=
-41,24,CTH7RfUd10FU4oXNU+Y0pTBeu2U=,sJZRcKPUm0bwl68wPmOq81DdeDU=
-44,16,CTH7RfUd10FU4oXNU+Y0pTBeu2U=,qPiyLv6hvokHjYcChnpnE5Fvaic=
-36,24,CTH7RfUd10FU4oXNU+Y0pTBeu2U=,SWBXExXgFTywDXoJ+nKyIdTOSvk=
-35,21,CTH7RfUd10FU4oXNU+Y0pTBeu2U=,mFvf2+5plVfUO9qFW+AdE6be51U=
-47,16,CTH7RfUd10FU4oXNU+Y0pTBeu2U=,RiPyKbL3uHfHv6RMI0FKvMUe+2s=
-39,24,CTH7RfUd10FU4oXNU+Y0pTBeu2U=,72SaLCxdgHHd/+dohRV4AHwv6zo=
-46,16,CTH7RfUd10FU4oXNU+Y0pTBeu2U=,RiPyKbL3uHfHv6RMI0FKvMUe+2s=
-34,23,CTH7RfUd10FU4oXNU+Y0pTBeu2U=,mFvf2+5plVfUO9qFW+AdE6be51U=
-38,21,CTH7RfUd10FU4oXNU+Y0pTBeu2U=,KCPZU30IjOPO5smTKUS2o0iMGn0=
-36,21,CTH7RfUd10FU4oXNU+Y0pTBeu2U=,mFvf2+5plVfUO9qFW+AdE6be51U=
-48,22,CTH7RfUd10FU4oXNU+Y0pTBeu2U=,kMbL+6jGV0vlNR8k4zHQjAuqA3k=
-37,24,CTH7RfUd10FU4oXNU+Y0pTBeu2U=,72SaLCxdgHHd/+dohRV4AHwv6zo=
-38,24,CTH7RfUd10FU4oXNU+Y0pTBeu2U=,72SaLCxdgHHd/+dohRV4AHwv6zo=
-48,21,CTH7RfUd10FU4oXNU+Y0pTBeu2U=,kMbL+6jGV0vlNR8k4zHQjAuqA3k=
-37,21,CTH7RfUd10FU4oXNU+Y0pTBeu2U=,KCPZU30IjOPO5smTKUS2o0iMGn0=
-40,20,CTH7RfUd10FU4oXNU+Y0pTBeu2U=,KCPZU30IjOPO5smTKUS2o0iMGn0=
-38,20,CTH7RfUd10FU4oXNU+Y0pTBeu2U=,KCPZU30IjOPO5smTKUS2o0iMGn0=
-48,25,CTH7RfUd10FU4oXNU+Y0pTBeu2U=,iKjNT95L3aSS9Ez1IPN+sZIN6vs=
-38,23,CTH7RfUd10FU4oXNU+Y0pTBeu2U=,KCPZU30IjOPO5smTKUS2o0iMGn0=
-39,23,CTH7RfUd10FU4oXNU+Y0pTBeu2U=,KCPZU30IjOPO5smTKUS2o0iMGn0=
-48,27,CTH7RfUd10FU4oXNU+Y0pTBeu2U=,iKjNT95L3aSS9Ez1IPN+sZIN6vs=
-38,19,CTH7RfUd10FU4oXNU+Y0pTBeu2U=,WsadXmnEqN3oBLshg16BH9W4Ghc=
-35,23,CTH7RfUd10FU4oXNU+Y0pTBeu2U=,mFvf2+5plVfUO9qFW+AdE6be51U=
-33,18,CTH7RfUd10FU4oXNU+Y0pTBeu2U=,Zzh2wo4hK43g2ah0rHzBA9Fwyok=
-40,23,CTH7RfUd10FU4oXNU+Y0pTBeu2U=,KCPZU30IjOPO5smTKUS2o0iMGn0=
-41,21,CTH7RfUd10FU4oXNU+Y0pTBeu2U=,lgIHmWbu+Yu/VT4TQVbDDJJjgnc=
-41,22,CTH7RfUd10FU4oXNU+Y0pTBeu2U=,lgIHmWbu+Yu/VT4TQVbDDJJjgnc=
-39,22,CTH7RfUd10FU4oXNU+Y0pTBeu2U=,KCPZU30IjOPO5smTKUS2o0iMGn0=
-48,26,CTH7RfUd10FU4oXNU+Y0pTBeu2U=,iKjNT95L3aSS9Ez1IPN+sZIN6vs=
-38,22,CTH7RfUd10FU4oXNU+Y0pTBeu2U=,KCPZU30IjOPO5smTKUS2o0iMGn0=
-39,19,CTH7RfUd10FU4oXNU+Y0pTBeu2U=,WsadXmnEqN3oBLshg16BH9W4Ghc=
-33,16,CTH7RfUd10FU4oXNU+Y0pTBeu2U=,Zzh2wo4hK43g2ah0rHzBA9Fwyok=
-48,24,CTH7RfUd10FU4oXNU+Y0pTBeu2U=,iKjNT95L3aSS9Ez1IPN+sZIN6vs=
-48,28,CTH7RfUd10FU4oXNU+Y0pTBeu2U=,sSd7rJUj+kAF6QcjaUv0/vCde8Q=
-40,19,CTH7RfUd10FU4oXNU+Y0pTBeu2U=,WsadXmnEqN3oBLshg16BH9W4Ghc=
-39,20,CTH7RfUd10FU4oXNU+Y0pTBeu2U=,KCPZU30IjOPO5smTKUS2o0iMGn0=
-41,19,CTH7RfUd10FU4oXNU+Y0pTBeu2U=,qPiyLv6hvokHjYcChnpnE5Fvaic=
-34,16,CTH7RfUd10FU4oXNU+Y0pTBeu2U=,Zzh2wo4hK43g2ah0rHzBA9Fwyok=
-40,22,CTH7RfUd10FU4oXNU+Y0pTBeu2U=,KCPZU30IjOPO5smTKUS2o0iMGn0=
-48,23,CTH7RfUd10FU4oXNU+Y0pTBeu2U=,kMbL+6jGV0vlNR8k4zHQjAuqA3k=
-37,20,CTH7RfUd10FU4oXNU+Y0pTBeu2U=,KCPZU30IjOPO5smTKUS2o0iMGn0=
-37,17,CTH7RfUd10FU4oXNU+Y0pTBeu2U=,WsadXmnEqN3oBLshg16BH9W4Ghc=
-48,30,CTH7RfUd10FU4oXNU+Y0pTBeu2U=,sSd7rJUj+kAF6QcjaUv0/vCde8Q=
-37,19,CTH7RfUd10FU4oXNU+Y0pTBeu2U=,WsadXmnEqN3oBLshg16BH9W4Ghc=
-35,31,CTH7RfUd10FU4oXNU+Y0pTBeu2U=,20k5P48eGwbla67YZerx50g+s2A=
-33,19,CTH7RfUd10FU4oXNU+Y0pTBeu2U=,Zzh2wo4hK43g2ah0rHzBA9Fwyok=
-46,31,CTH7RfUd10FU4oXNU+Y0pTBeu2U=,sSd7rJUj+kAF6QcjaUv0/vCde8Q=
-33,23,CTH7RfUd10FU4oXNU+Y0pTBeu2U=,mFvf2+5plVfUO9qFW+AdE6be51U=
-35,16,CTH7RfUd10FU4oXNU+Y0pTBeu2U=,Zzh2wo4hK43g2ah0rHzBA9Fwyok=
-36,16,CTH7RfUd10FU4oXNU+Y0pTBeu2U=,Zzh2wo4hK43g2ah0rHzBA9Fwyok=
-47,31,CTH7RfUd10FU4oXNU+Y0pTBeu2U=,sSd7rJUj+kAF6QcjaUv0/vCde8Q=
-48,29,CTH7RfUd10FU4oXNU+Y0pTBeu2U=,sSd7rJUj+kAF6QcjaUv0/vCde8Q=
-34,31,CTH7RfUd10FU4oXNU+Y0pTBeu2U=,20k5P48eGwbla67YZerx50g+s2A=
-33,24,CTH7RfUd10FU4oXNU+Y0pTBeu2U=,SWBXExXgFTywDXoJ+nKyIdTOSvk=
-36,20,CTH7RfUd10FU4oXNU+Y0pTBeu2U=,mFvf2+5plVfUO9qFW+AdE6be51U=
-33,25,CTH7RfUd10FU4oXNU+Y0pTBeu2U=,SWBXExXgFTywDXoJ+nKyIdTOSvk=
-36,18,CTH7RfUd10FU4oXNU+Y0pTBeu2U=,Zzh2wo4hK43g2ah0rHzBA9Fwyok=
-33,26,CTH7RfUd10FU4oXNU+Y0pTBeu2U=,SWBXExXgFTywDXoJ+nKyIdTOSvk=
-37,16,CTH7RfUd10FU4oXNU+Y0pTBeu2U=,WsadXmnEqN3oBLshg16BH9W4Ghc=
-34,18,CTH7RfUd10FU4oXNU+Y0pTBeu2U=,Zzh2wo4hK43g2ah0rHzBA9Fwyok=
-34,19,CTH7RfUd10FU4oXNU+Y0pTBeu2U=,Zzh2wo4hK43g2ah0rHzBA9Fwyok=
-44,31,CTH7RfUd10FU4oXNU+Y0pTBeu2U=,Pcpy4aH2JxdZ/T27UKMwGUnm2/k=
-35,18,CTH7RfUd10FU4oXNU+Y0pTBeu2U=,Zzh2wo4hK43g2ah0rHzBA9Fwyok=
-33,20,CTH7RfUd10FU4oXNU+Y0pTBeu2U=,mFvf2+5plVfUO9qFW+AdE6be51U=
-42,31,CTH7RfUd10FU4oXNU+Y0pTBeu2U=,Pcpy4aH2JxdZ/T27UKMwGUnm2/k=
-48,17,CTH7RfUd10FU4oXNU+Y0pTBeu2U=,RiPyKbL3uHfHv6RMI0FKvMUe+2s=
-45,31,CTH7RfUd10FU4oXNU+Y0pTBeu2U=,sSd7rJUj+kAF6QcjaUv0/vCde8Q=
-34,20,CTH7RfUd10FU4oXNU+Y0pTBeu2U=,mFvf2+5plVfUO9qFW+AdE6be51U=
-43,31,CTH7RfUd10FU4oXNU+Y0pTBeu2U=,Pcpy4aH2JxdZ/T27UKMwGUnm2/k=
-40,31,CTH7RfUd10FU4oXNU+Y0pTBeu2U=,z1M5ba+jajY5x219Ywh0NCISK/g=
-38,31,CTH7RfUd10FU4oXNU+Y0pTBeu2U=,z1M5ba+jajY5x219Ywh0NCISK/g=
-33,17,CTH7RfUd10FU4oXNU+Y0pTBeu2U=,Zzh2wo4hK43g2ah0rHzBA9Fwyok=
-41,31,CTH7RfUd10FU4oXNU+Y0pTBeu2U=,Pcpy4aH2JxdZ/T27UKMwGUnm2/k=
-48,20,CTH7RfUd10FU4oXNU+Y0pTBeu2U=,kMbL+6jGV0vlNR8k4zHQjAuqA3k=
-37,31,CTH7RfUd10FU4oXNU+Y0pTBeu2U=,z1M5ba+jajY5x219Ywh0NCISK/g=
-35,20,CTH7RfUd10FU4oXNU+Y0pTBeu2U=,mFvf2+5plVfUO9qFW+AdE6be51U=
-37,18,CTH7RfUd10FU4oXNU+Y0pTBeu2U=,WsadXmnEqN3oBLshg16BH9W4Ghc=
-33,31,CTH7RfUd10FU4oXNU+Y0pTBeu2U=,20k5P48eGwbla67YZerx50g+s2A=
-39,31,CTH7RfUd10FU4oXNU+Y0pTBeu2U=,z1M5ba+jajY5x219Ywh0NCISK/g=
-35,19,CTH7RfUd10FU4oXNU+Y0pTBeu2U=,Zzh2wo4hK43g2ah0rHzBA9Fwyok=
-34,17,CTH7RfUd10FU4oXNU+Y0pTBeu2U=,Zzh2wo4hK43g2ah0rHzBA9Fwyok=
-48,18,CTH7RfUd10FU4oXNU+Y0pTBeu2U=,RiPyKbL3uHfHv6RMI0FKvMUe+2s=
-36,31,CTH7RfUd10FU4oXNU+Y0pTBeu2U=,20k5P48eGwbla67YZerx50g+s2A=
-33,28,CTH7RfUd10FU4oXNU+Y0pTBeu2U=,20k5P48eGwbla67YZerx50g+s2A=
-36,19,CTH7RfUd10FU4oXNU+Y0pTBeu2U=,Zzh2wo4hK43g2ah0rHzBA9Fwyok=
-33,27,CTH7RfUd10FU4oXNU+Y0pTBeu2U=,SWBXExXgFTywDXoJ+nKyIdTOSvk=
-35,17,CTH7RfUd10FU4oXNU+Y0pTBeu2U=,Zzh2wo4hK43g2ah0rHzBA9Fwyok=
-36,17,CTH7RfUd10FU4oXNU+Y0pTBeu2U=,Zzh2wo4hK43g2ah0rHzBA9Fwyok=
-48,31,CTH7RfUd10FU4oXNU+Y0pTBeu2U=,sSd7rJUj+kAF6QcjaUv0/vCde8Q=
-33,29,CTH7RfUd10FU4oXNU+Y0pTBeu2U=,20k5P48eGwbla67YZerx50g+s2A=
-33,30,CTH7RfUd10FU4oXNU+Y0pTBeu2U=,20k5P48eGwbla67YZerx50g+s2A=
-48,19,CTH7RfUd10FU4oXNU+Y0pTBeu2U=,RiPyKbL3uHfHv6RMI0FKvMUe+2s=
-48,16,CTH7RfUd10FU4oXNU+Y0pTBeu2U=,RiPyKbL3uHfHv6RMI0FKvMUe+2s=
-35,1,7kQveNKZiVwFBb35qeQaSGAoRRw=,9orcjaiKhFjqMXbsHY4sR6NG+ok=
-35,2,7kQveNKZiVwFBb35qeQaSGAoRRw=,9orcjaiKhFjqMXbsHY4sR6NG+ok=
-34,1,7kQveNKZiVwFBb35qeQaSGAoRRw=,9orcjaiKhFjqMXbsHY4sR6NG+ok=
-39,1,7kQveNKZiVwFBb35qeQaSGAoRRw=,Ce/EetPiCabtq4CcVKcEtg6LQmo=
-37,2,7kQveNKZiVwFBb35qeQaSGAoRRw=,Ce/EetPiCabtq4CcVKcEtg6LQmo=
-38,2,7kQveNKZiVwFBb35qeQaSGAoRRw=,Ce/EetPiCabtq4CcVKcEtg6LQmo=
-39,2,7kQveNKZiVwFBb35qeQaSGAoRRw=,Ce/EetPiCabtq4CcVKcEtg6LQmo=
-39,4,7kQveNKZiVwFBb35qeQaSGAoRRw=,qzrw5B+7aQiylnxYs1Z30fwPrgQ=
-36,1,7kQveNKZiVwFBb35qeQaSGAoRRw=,9orcjaiKhFjqMXbsHY4sR6NG+ok=
-36,3,7kQveNKZiVwFBb35qeQaSGAoRRw=,9orcjaiKhFjqMXbsHY4sR6NG+ok=
-34,2,7kQveNKZiVwFBb35qeQaSGAoRRw=,9orcjaiKhFjqMXbsHY4sR6NG+ok=
-36,4,7kQveNKZiVwFBb35qeQaSGAoRRw=,fDaYXmnVex40tWKu7JrjsnrGaNQ=
-38,1,7kQveNKZiVwFBb35qeQaSGAoRRw=,Ce/EetPiCabtq4CcVKcEtg6LQmo=
-38,4,7kQveNKZiVwFBb35qeQaSGAoRRw=,qzrw5B+7aQiylnxYs1Z30fwPrgQ=
-36,2,7kQveNKZiVwFBb35qeQaSGAoRRw=,9orcjaiKhFjqMXbsHY4sR6NG+ok=
-39,3,7kQveNKZiVwFBb35qeQaSGAoRRw=,Ce/EetPiCabtq4CcVKcEtg6LQmo=
-39,5,7kQveNKZiVwFBb35qeQaSGAoRRw=,qzrw5B+7aQiylnxYs1Z30fwPrgQ=
-37,1,7kQveNKZiVwFBb35qeQaSGAoRRw=,Ce/EetPiCabtq4CcVKcEtg6LQmo=
-35,4,7kQveNKZiVwFBb35qeQaSGAoRRw=,fDaYXmnVex40tWKu7JrjsnrGaNQ=
-34,3,7kQveNKZiVwFBb35qeQaSGAoRRw=,9orcjaiKhFjqMXbsHY4sR6NG+ok=
-37,4,7kQveNKZiVwFBb35qeQaSGAoRRw=,qzrw5B+7aQiylnxYs1Z30fwPrgQ=
-38,5,7kQveNKZiVwFBb35qeQaSGAoRRw=,qzrw5B+7aQiylnxYs1Z30fwPrgQ=
-37,5,7kQveNKZiVwFBb35qeQaSGAoRRw=,qzrw5B+7aQiylnxYs1Z30fwPrgQ=
-34,6,7kQveNKZiVwFBb35qeQaSGAoRRw=,fDaYXmnVex40tWKu7JrjsnrGaNQ=
-38,3,7kQveNKZiVwFBb35qeQaSGAoRRw=,Ce/EetPiCabtq4CcVKcEtg6LQmo=
-34,4,7kQveNKZiVwFBb35qeQaSGAoRRw=,fDaYXmnVex40tWKu7JrjsnrGaNQ=
-39,6,7kQveNKZiVwFBb35qeQaSGAoRRw=,qzrw5B+7aQiylnxYs1Z30fwPrgQ=
-36,5,7kQveNKZiVwFBb35qeQaSGAoRRw=,fDaYXmnVex40tWKu7JrjsnrGaNQ=
-38,6,7kQveNKZiVwFBb35qeQaSGAoRRw=,qzrw5B+7aQiylnxYs1Z30fwPrgQ=
-35,6,7kQveNKZiVwFBb35qeQaSGAoRRw=,fDaYXmnVex40tWKu7JrjsnrGaNQ=
-35,3,7kQveNKZiVwFBb35qeQaSGAoRRw=,9orcjaiKhFjqMXbsHY4sR6NG+ok=
-35,5,7kQveNKZiVwFBb35qeQaSGAoRRw=,fDaYXmnVex40tWKu7JrjsnrGaNQ=
-34,5,7kQveNKZiVwFBb35qeQaSGAoRRw=,fDaYXmnVex40tWKu7JrjsnrGaNQ=
-37,6,7kQveNKZiVwFBb35qeQaSGAoRRw=,qzrw5B+7aQiylnxYs1Z30fwPrgQ=
-37,3,7kQveNKZiVwFBb35qeQaSGAoRRw=,Ce/EetPiCabtq4CcVKcEtg6LQmo=
-36,6,7kQveNKZiVwFBb35qeQaSGAoRRw=,fDaYXmnVex40tWKu7JrjsnrGaNQ=
-43,5,7kQveNKZiVwFBb35qeQaSGAoRRw=,M55he8zw74jRYu4/Q+9DpMzs8L0=
-42,5,7kQveNKZiVwFBb35qeQaSGAoRRw=,M55he8zw74jRYu4/Q+9DpMzs8L0=
-40,5,7kQveNKZiVwFBb35qeQaSGAoRRw=,qzrw5B+7aQiylnxYs1Z30fwPrgQ=
-40,6,7kQveNKZiVwFBb35qeQaSGAoRRw=,qzrw5B+7aQiylnxYs1Z30fwPrgQ=
-41,5,7kQveNKZiVwFBb35qeQaSGAoRRw=,M55he8zw74jRYu4/Q+9DpMzs8L0=
-43,6,7kQveNKZiVwFBb35qeQaSGAoRRw=,M55he8zw74jRYu4/Q+9DpMzs8L0=
-42,6,7kQveNKZiVwFBb35qeQaSGAoRRw=,M55he8zw74jRYu4/Q+9DpMzs8L0=
-47,5,7kQveNKZiVwFBb35qeQaSGAoRRw=,htcelDMeNTC3+kaHrXrwYlisVpQ=
-46,5,7kQveNKZiVwFBb35qeQaSGAoRRw=,htcelDMeNTC3+kaHrXrwYlisVpQ=
-41,6,7kQveNKZiVwFBb35qeQaSGAoRRw=,M55he8zw74jRYu4/Q+9DpMzs8L0=
-45,5,7kQveNKZiVwFBb35qeQaSGAoRRw=,htcelDMeNTC3+kaHrXrwYlisVpQ=
-47,6,7kQveNKZiVwFBb35qeQaSGAoRRw=,htcelDMeNTC3+kaHrXrwYlisVpQ=
-44,5,7kQveNKZiVwFBb35qeQaSGAoRRw=,M55he8zw74jRYu4/Q+9DpMzs8L0=
-46,6,7kQveNKZiVwFBb35qeQaSGAoRRw=,htcelDMeNTC3+kaHrXrwYlisVpQ=
-45,6,7kQveNKZiVwFBb35qeQaSGAoRRw=,htcelDMeNTC3+kaHrXrwYlisVpQ=
-44,6,7kQveNKZiVwFBb35qeQaSGAoRRw=,M55he8zw74jRYu4/Q+9DpMzs8L0=
-43,8,7kQveNKZiVwFBb35qeQaSGAoRRw=,KVzWZsoVtwWJH1nMqwhcMa8pOh0=
-42,8,7kQveNKZiVwFBb35qeQaSGAoRRw=,KVzWZsoVtwWJH1nMqwhcMa8pOh0=
-43,7,7kQveNKZiVwFBb35qeQaSGAoRRw=,M55he8zw74jRYu4/Q+9DpMzs8L0=
-43,9,7kQveNKZiVwFBb35qeQaSGAoRRw=,KVzWZsoVtwWJH1nMqwhcMa8pOh0=
-42,9,7kQveNKZiVwFBb35qeQaSGAoRRw=,KVzWZsoVtwWJH1nMqwhcMa8pOh0=
-43,10,7kQveNKZiVwFBb35qeQaSGAoRRw=,KVzWZsoVtwWJH1nMqwhcMa8pOh0=
-42,7,7kQveNKZiVwFBb35qeQaSGAoRRw=,M55he8zw74jRYu4/Q+9DpMzs8L0=
-42,10,7kQveNKZiVwFBb35qeQaSGAoRRw=,KVzWZsoVtwWJH1nMqwhcMa8pOh0=
-44,7,7kQveNKZiVwFBb35qeQaSGAoRRw=,M55he8zw74jRYu4/Q+9DpMzs8L0=
-44,8,7kQveNKZiVwFBb35qeQaSGAoRRw=,KVzWZsoVtwWJH1nMqwhcMa8pOh0=
-45,9,7kQveNKZiVwFBb35qeQaSGAoRRw=,NqRSqI7XZ86kqlP4CdUWctDSBjs=
-47,10,7kQveNKZiVwFBb35qeQaSGAoRRw=,NqRSqI7XZ86kqlP4CdUWctDSBjs=
-47,7,7kQveNKZiVwFBb35qeQaSGAoRRw=,htcelDMeNTC3+kaHrXrwYlisVpQ=
-44,9,7kQveNKZiVwFBb35qeQaSGAoRRw=,KVzWZsoVtwWJH1nMqwhcMa8pOh0=
-46,7,7kQveNKZiVwFBb35qeQaSGAoRRw=,htcelDMeNTC3+kaHrXrwYlisVpQ=
-46,9,7kQveNKZiVwFBb35qeQaSGAoRRw=,NqRSqI7XZ86kqlP4CdUWctDSBjs=
-46,10,7kQveNKZiVwFBb35qeQaSGAoRRw=,NqRSqI7XZ86kqlP4CdUWctDSBjs=
-40,7,7kQveNKZiVwFBb35qeQaSGAoRRw=,qzrw5B+7aQiylnxYs1Z30fwPrgQ=
-41,7,7kQveNKZiVwFBb35qeQaSGAoRRw=,M55he8zw74jRYu4/Q+9DpMzs8L0=
-45,8,7kQveNKZiVwFBb35qeQaSGAoRRw=,NqRSqI7XZ86kqlP4CdUWctDSBjs=
-44,10,7kQveNKZiVwFBb35qeQaSGAoRRw=,KVzWZsoVtwWJH1nMqwhcMa8pOh0=
-46,8,7kQveNKZiVwFBb35qeQaSGAoRRw=,NqRSqI7XZ86kqlP4CdUWctDSBjs=
-40,9,7kQveNKZiVwFBb35qeQaSGAoRRw=,FL3n0rCJx38wroIJPVV6+kXTzj8=
-41,10,7kQveNKZiVwFBb35qeQaSGAoRRw=,KVzWZsoVtwWJH1nMqwhcMa8pOh0=
-38,10,7kQveNKZiVwFBb35qeQaSGAoRRw=,FL3n0rCJx38wroIJPVV6+kXTzj8=
-47,8,7kQveNKZiVwFBb35qeQaSGAoRRw=,NqRSqI7XZ86kqlP4CdUWctDSBjs=
-45,10,7kQveNKZiVwFBb35qeQaSGAoRRw=,NqRSqI7XZ86kqlP4CdUWctDSBjs=
-47,9,7kQveNKZiVwFBb35qeQaSGAoRRw=,NqRSqI7XZ86kqlP4CdUWctDSBjs=
-39,9,7kQveNKZiVwFBb35qeQaSGAoRRw=,FL3n0rCJx38wroIJPVV6+kXTzj8=
-39,7,7kQveNKZiVwFBb35qeQaSGAoRRw=,qzrw5B+7aQiylnxYs1Z30fwPrgQ=
-38,8,7kQveNKZiVwFBb35qeQaSGAoRRw=,FL3n0rCJx38wroIJPVV6+kXTzj8=
-38,7,7kQveNKZiVwFBb35qeQaSGAoRRw=,qzrw5B+7aQiylnxYs1Z30fwPrgQ=
-39,11,7kQveNKZiVwFBb35qeQaSGAoRRw=,FL3n0rCJx38wroIJPVV6+kXTzj8=
-38,9,7kQveNKZiVwFBb35qeQaSGAoRRw=,FL3n0rCJx38wroIJPVV6+kXTzj8=
-39,10,7kQveNKZiVwFBb35qeQaSGAoRRw=,FL3n0rCJx38wroIJPVV6+kXTzj8=
-41,9,7kQveNKZiVwFBb35qeQaSGAoRRw=,KVzWZsoVtwWJH1nMqwhcMa8pOh0=
-41,8,7kQveNKZiVwFBb35qeQaSGAoRRw=,KVzWZsoVtwWJH1nMqwhcMa8pOh0=
-38,11,7kQveNKZiVwFBb35qeQaSGAoRRw=,FL3n0rCJx38wroIJPVV6+kXTzj8=
-38,14,7kQveNKZiVwFBb35qeQaSGAoRRw=,VPwFCGLSPmYnzIYF776oj2OwDpk=
-40,8,7kQveNKZiVwFBb35qeQaSGAoRRw=,FL3n0rCJx38wroIJPVV6+kXTzj8=
-39,12,7kQveNKZiVwFBb35qeQaSGAoRRw=,VPwFCGLSPmYnzIYF776oj2OwDpk=
-39,8,7kQveNKZiVwFBb35qeQaSGAoRRw=,FL3n0rCJx38wroIJPVV6+kXTzj8=
-38,12,7kQveNKZiVwFBb35qeQaSGAoRRw=,VPwFCGLSPmYnzIYF776oj2OwDpk=
-39,13,7kQveNKZiVwFBb35qeQaSGAoRRw=,VPwFCGLSPmYnzIYF776oj2OwDpk=
-39,14,7kQveNKZiVwFBb35qeQaSGAoRRw=,VPwFCGLSPmYnzIYF776oj2OwDpk=
-38,13,7kQveNKZiVwFBb35qeQaSGAoRRw=,VPwFCGLSPmYnzIYF776oj2OwDpk=
-45,7,7kQveNKZiVwFBb35qeQaSGAoRRw=,htcelDMeNTC3+kaHrXrwYlisVpQ=
-40,10,7kQveNKZiVwFBb35qeQaSGAoRRw=,FL3n0rCJx38wroIJPVV6+kXTzj8=
-40,11,7kQveNKZiVwFBb35qeQaSGAoRRw=,FL3n0rCJx38wroIJPVV6+kXTzj8=
-43,11,7kQveNKZiVwFBb35qeQaSGAoRRw=,KVzWZsoVtwWJH1nMqwhcMa8pOh0=
-42,11,7kQveNKZiVwFBb35qeQaSGAoRRw=,KVzWZsoVtwWJH1nMqwhcMa8pOh0=
-41,11,7kQveNKZiVwFBb35qeQaSGAoRRw=,KVzWZsoVtwWJH1nMqwhcMa8pOh0=
-43,12,7kQveNKZiVwFBb35qeQaSGAoRRw=,5KJIxzSa8BFk467QxzSitpYfoMM=
-40,12,7kQveNKZiVwFBb35qeQaSGAoRRw=,VPwFCGLSPmYnzIYF776oj2OwDpk=
-42,12,7kQveNKZiVwFBb35qeQaSGAoRRw=,5KJIxzSa8BFk467QxzSitpYfoMM=
-41,12,7kQveNKZiVwFBb35qeQaSGAoRRw=,5KJIxzSa8BFk467QxzSitpYfoMM=
-43,13,7kQveNKZiVwFBb35qeQaSGAoRRw=,5KJIxzSa8BFk467QxzSitpYfoMM=
-42,13,7kQveNKZiVwFBb35qeQaSGAoRRw=,5KJIxzSa8BFk467QxzSitpYfoMM=
-41,13,7kQveNKZiVwFBb35qeQaSGAoRRw=,5KJIxzSa8BFk467QxzSitpYfoMM=
-40,13,7kQveNKZiVwFBb35qeQaSGAoRRw=,VPwFCGLSPmYnzIYF776oj2OwDpk=
-41,14,7kQveNKZiVwFBb35qeQaSGAoRRw=,5KJIxzSa8BFk467QxzSitpYfoMM=
-43,14,7kQveNKZiVwFBb35qeQaSGAoRRw=,5KJIxzSa8BFk467QxzSitpYfoMM=
-40,14,7kQveNKZiVwFBb35qeQaSGAoRRw=,VPwFCGLSPmYnzIYF776oj2OwDpk=
-42,14,7kQveNKZiVwFBb35qeQaSGAoRRw=,5KJIxzSa8BFk467QxzSitpYfoMM=
-33,5,7kQveNKZiVwFBb35qeQaSGAoRRw=,fDaYXmnVex40tWKu7JrjsnrGaNQ=
-33,6,7kQveNKZiVwFBb35qeQaSGAoRRw=,fDaYXmnVex40tWKu7JrjsnrGaNQ=
-35,15,7kQveNKZiVwFBb35qeQaSGAoRRw=,ONk70utlMe2PGuFL5BFSX4L4Xg8=
-33,14,7kQveNKZiVwFBb35qeQaSGAoRRw=,ONk70utlMe2PGuFL5BFSX4L4Xg8=
-37,14,7kQveNKZiVwFBb35qeQaSGAoRRw=,VPwFCGLSPmYnzIYF776oj2OwDpk=
-33,1,7kQveNKZiVwFBb35qeQaSGAoRRw=,9orcjaiKhFjqMXbsHY4sR6NG+ok=
-33,13,7kQveNKZiVwFBb35qeQaSGAoRRw=,ONk70utlMe2PGuFL5BFSX4L4Xg8=
-36,14,7kQveNKZiVwFBb35qeQaSGAoRRw=,ONk70utlMe2PGuFL5BFSX4L4Xg8=
-33,3,7kQveNKZiVwFBb35qeQaSGAoRRw=,9orcjaiKhFjqMXbsHY4sR6NG+ok=
-35,14,7kQveNKZiVwFBb35qeQaSGAoRRw=,ONk70utlMe2PGuFL5BFSX4L4Xg8=
-34,13,7kQveNKZiVwFBb35qeQaSGAoRRw=,ONk70utlMe2PGuFL5BFSX4L4Xg8=
-33,2,7kQveNKZiVwFBb35qeQaSGAoRRw=,9orcjaiKhFjqMXbsHY4sR6NG+ok=
-34,14,7kQveNKZiVwFBb35qeQaSGAoRRw=,ONk70utlMe2PGuFL5BFSX4L4Xg8=
-37,13,7kQveNKZiVwFBb35qeQaSGAoRRw=,VPwFCGLSPmYnzIYF776oj2OwDpk=
-36,13,7kQveNKZiVwFBb35qeQaSGAoRRw=,ONk70utlMe2PGuFL5BFSX4L4Xg8=
-35,13,7kQveNKZiVwFBb35qeQaSGAoRRw=,ONk70utlMe2PGuFL5BFSX4L4Xg8=
-33,4,7kQveNKZiVwFBb35qeQaSGAoRRw=,fDaYXmnVex40tWKu7JrjsnrGaNQ=
-34,15,7kQveNKZiVwFBb35qeQaSGAoRRw=,ONk70utlMe2PGuFL5BFSX4L4Xg8=
-48,10,7kQveNKZiVwFBb35qeQaSGAoRRw=,NqRSqI7XZ86kqlP4CdUWctDSBjs=
-48,6,7kQveNKZiVwFBb35qeQaSGAoRRw=,htcelDMeNTC3+kaHrXrwYlisVpQ=
-48,7,7kQveNKZiVwFBb35qeQaSGAoRRw=,htcelDMeNTC3+kaHrXrwYlisVpQ=
-48,9,7kQveNKZiVwFBb35qeQaSGAoRRw=,NqRSqI7XZ86kqlP4CdUWctDSBjs=
-48,8,7kQveNKZiVwFBb35qeQaSGAoRRw=,NqRSqI7XZ86kqlP4CdUWctDSBjs=
-48,5,7kQveNKZiVwFBb35qeQaSGAoRRw=,htcelDMeNTC3+kaHrXrwYlisVpQ=
-44,11,7kQveNKZiVwFBb35qeQaSGAoRRw=,KVzWZsoVtwWJH1nMqwhcMa8pOh0=
-47,12,7kQveNKZiVwFBb35qeQaSGAoRRw=,AaaoBBkK8TfaKfJr2EKUp3J2wzc=
-48,12,7kQveNKZiVwFBb35qeQaSGAoRRw=,AaaoBBkK8TfaKfJr2EKUp3J2wzc=
-36,11,7kQveNKZiVwFBb35qeQaSGAoRRw=,+R0Cb+ZvUEwO8fXHcdOymjJtBco=
-48,13,7kQveNKZiVwFBb35qeQaSGAoRRw=,AaaoBBkK8TfaKfJr2EKUp3J2wzc=
-35,11,7kQveNKZiVwFBb35qeQaSGAoRRw=,+R0Cb+ZvUEwO8fXHcdOymjJtBco=
-34,10,7kQveNKZiVwFBb35qeQaSGAoRRw=,+R0Cb+ZvUEwO8fXHcdOymjJtBco=
-47,13,7kQveNKZiVwFBb35qeQaSGAoRRw=,AaaoBBkK8TfaKfJr2EKUp3J2wzc=
-35,10,7kQveNKZiVwFBb35qeQaSGAoRRw=,+R0Cb+ZvUEwO8fXHcdOymjJtBco=
-33,10,7kQveNKZiVwFBb35qeQaSGAoRRw=,+R0Cb+ZvUEwO8fXHcdOymjJtBco=
-36,9,7kQveNKZiVwFBb35qeQaSGAoRRw=,+R0Cb+ZvUEwO8fXHcdOymjJtBco=
-46,13,7kQveNKZiVwFBb35qeQaSGAoRRw=,AaaoBBkK8TfaKfJr2EKUp3J2wzc=
-33,8,7kQveNKZiVwFBb35qeQaSGAoRRw=,+R0Cb+ZvUEwO8fXHcdOymjJtBco=
-37,10,7kQveNKZiVwFBb35qeQaSGAoRRw=,FL3n0rCJx38wroIJPVV6+kXTzj8=
-36,7,7kQveNKZiVwFBb35qeQaSGAoRRw=,fDaYXmnVex40tWKu7JrjsnrGaNQ=
-45,13,7kQveNKZiVwFBb35qeQaSGAoRRw=,AaaoBBkK8TfaKfJr2EKUp3J2wzc=
-35,9,7kQveNKZiVwFBb35qeQaSGAoRRw=,+R0Cb+ZvUEwO8fXHcdOymjJtBco=
-37,7,7kQveNKZiVwFBb35qeQaSGAoRRw=,qzrw5B+7aQiylnxYs1Z30fwPrgQ=
-48,11,7kQveNKZiVwFBb35qeQaSGAoRRw=,NqRSqI7XZ86kqlP4CdUWctDSBjs=
-45,11,7kQveNKZiVwFBb35qeQaSGAoRRw=,NqRSqI7XZ86kqlP4CdUWctDSBjs=
-48,14,7kQveNKZiVwFBb35qeQaSGAoRRw=,AaaoBBkK8TfaKfJr2EKUp3J2wzc=
-37,8,7kQveNKZiVwFBb35qeQaSGAoRRw=,FL3n0rCJx38wroIJPVV6+kXTzj8=
-36,12,7kQveNKZiVwFBb35qeQaSGAoRRw=,ONk70utlMe2PGuFL5BFSX4L4Xg8=
-47,11,7kQveNKZiVwFBb35qeQaSGAoRRw=,NqRSqI7XZ86kqlP4CdUWctDSBjs=
-35,12,7kQveNKZiVwFBb35qeQaSGAoRRw=,ONk70utlMe2PGuFL5BFSX4L4Xg8=
-33,7,7kQveNKZiVwFBb35qeQaSGAoRRw=,fDaYXmnVex40tWKu7JrjsnrGaNQ=
-46,11,7kQveNKZiVwFBb35qeQaSGAoRRw=,NqRSqI7XZ86kqlP4CdUWctDSBjs=
-45,12,7kQveNKZiVwFBb35qeQaSGAoRRw=,AaaoBBkK8TfaKfJr2EKUp3J2wzc=
-36,8,7kQveNKZiVwFBb35qeQaSGAoRRw=,+R0Cb+ZvUEwO8fXHcdOymjJtBco=
-47,14,7kQveNKZiVwFBb35qeQaSGAoRRw=,AaaoBBkK8TfaKfJr2EKUp3J2wzc=
-36,10,7kQveNKZiVwFBb35qeQaSGAoRRw=,+R0Cb+ZvUEwO8fXHcdOymjJtBco=
-37,12,7kQveNKZiVwFBb35qeQaSGAoRRw=,VPwFCGLSPmYnzIYF776oj2OwDpk=
-46,14,7kQveNKZiVwFBb35qeQaSGAoRRw=,AaaoBBkK8TfaKfJr2EKUp3J2wzc=
-35,8,7kQveNKZiVwFBb35qeQaSGAoRRw=,+R0Cb+ZvUEwO8fXHcdOymjJtBco=
-44,12,7kQveNKZiVwFBb35qeQaSGAoRRw=,5KJIxzSa8BFk467QxzSitpYfoMM=
-37,11,7kQveNKZiVwFBb35qeQaSGAoRRw=,FL3n0rCJx38wroIJPVV6+kXTzj8=
-35,7,7kQveNKZiVwFBb35qeQaSGAoRRw=,fDaYXmnVex40tWKu7JrjsnrGaNQ=
-34,7,7kQveNKZiVwFBb35qeQaSGAoRRw=,fDaYXmnVex40tWKu7JrjsnrGaNQ=
-45,14,7kQveNKZiVwFBb35qeQaSGAoRRw=,AaaoBBkK8TfaKfJr2EKUp3J2wzc=
-33,12,7kQveNKZiVwFBb35qeQaSGAoRRw=,ONk70utlMe2PGuFL5BFSX4L4Xg8=
-34,8,7kQveNKZiVwFBb35qeQaSGAoRRw=,+R0Cb+ZvUEwO8fXHcdOymjJtBco=
-33,9,7kQveNKZiVwFBb35qeQaSGAoRRw=,+R0Cb+ZvUEwO8fXHcdOymjJtBco=
-34,11,7kQveNKZiVwFBb35qeQaSGAoRRw=,+R0Cb+ZvUEwO8fXHcdOymjJtBco=
-44,13,7kQveNKZiVwFBb35qeQaSGAoRRw=,5KJIxzSa8BFk467QxzSitpYfoMM=
-34,12,7kQveNKZiVwFBb35qeQaSGAoRRw=,ONk70utlMe2PGuFL5BFSX4L4Xg8=
-47,15,7kQveNKZiVwFBb35qeQaSGAoRRw=,AaaoBBkK8TfaKfJr2EKUp3J2wzc=
-37,9,7kQveNKZiVwFBb35qeQaSGAoRRw=,FL3n0rCJx38wroIJPVV6+kXTzj8=
-34,9,7kQveNKZiVwFBb35qeQaSGAoRRw=,+R0Cb+ZvUEwO8fXHcdOymjJtBco=
-46,15,7kQveNKZiVwFBb35qeQaSGAoRRw=,AaaoBBkK8TfaKfJr2EKUp3J2wzc=
-46,12,7kQveNKZiVwFBb35qeQaSGAoRRw=,AaaoBBkK8TfaKfJr2EKUp3J2wzc=
-33,11,7kQveNKZiVwFBb35qeQaSGAoRRw=,+R0Cb+ZvUEwO8fXHcdOymjJtBco=
-44,14,7kQveNKZiVwFBb35qeQaSGAoRRw=,5KJIxzSa8BFk467QxzSitpYfoMM=
-38,0,7kQveNKZiVwFBb35qeQaSGAoRRw=,Ce/EetPiCabtq4CcVKcEtg6LQmo=
-39,0,7kQveNKZiVwFBb35qeQaSGAoRRw=,Ce/EetPiCabtq4CcVKcEtg6LQmo=
-36,0,7kQveNKZiVwFBb35qeQaSGAoRRw=,9orcjaiKhFjqMXbsHY4sR6NG+ok=
-33,0,7kQveNKZiVwFBb35qeQaSGAoRRw=,9orcjaiKhFjqMXbsHY4sR6NG+ok=
-35,0,7kQveNKZiVwFBb35qeQaSGAoRRw=,9orcjaiKhFjqMXbsHY4sR6NG+ok=
-34,0,7kQveNKZiVwFBb35qeQaSGAoRRw=,9orcjaiKhFjqMXbsHY4sR6NG+ok=
-37,0,7kQveNKZiVwFBb35qeQaSGAoRRw=,Ce/EetPiCabtq4CcVKcEtg6LQmo=
-41,15,7kQveNKZiVwFBb35qeQaSGAoRRw=,5KJIxzSa8BFk467QxzSitpYfoMM=
-43,15,7kQveNKZiVwFBb35qeQaSGAoRRw=,5KJIxzSa8BFk467QxzSitpYfoMM=
-44,15,7kQveNKZiVwFBb35qeQaSGAoRRw=,5KJIxzSa8BFk467QxzSitpYfoMM=
-45,15,7kQveNKZiVwFBb35qeQaSGAoRRw=,AaaoBBkK8TfaKfJr2EKUp3J2wzc=
-40,15,7kQveNKZiVwFBb35qeQaSGAoRRw=,VPwFCGLSPmYnzIYF776oj2OwDpk=
-42,15,7kQveNKZiVwFBb35qeQaSGAoRRw=,5KJIxzSa8BFk467QxzSitpYfoMM=
-48,15,7kQveNKZiVwFBb35qeQaSGAoRRw=,AaaoBBkK8TfaKfJr2EKUp3J2wzc=
-36,15,7kQveNKZiVwFBb35qeQaSGAoRRw=,ONk70utlMe2PGuFL5BFSX4L4Xg8=
-33,15,7kQveNKZiVwFBb35qeQaSGAoRRw=,ONk70utlMe2PGuFL5BFSX4L4Xg8=
-39,15,7kQveNKZiVwFBb35qeQaSGAoRRw=,VPwFCGLSPmYnzIYF776oj2OwDpk=
-37,15,7kQveNKZiVwFBb35qeQaSGAoRRw=,VPwFCGLSPmYnzIYF776oj2OwDpk=
-38,15,7kQveNKZiVwFBb35qeQaSGAoRRw=,VPwFCGLSPmYnzIYF776oj2OwDpk=
-42,4,7kQveNKZiVwFBb35qeQaSGAoRRw=,M55he8zw74jRYu4/Q+9DpMzs8L0=
-42,0,7kQveNKZiVwFBb35qeQaSGAoRRw=,sjaF3h/8gy0+A554iY1DNANZhuc=
-41,4,7kQveNKZiVwFBb35qeQaSGAoRRw=,M55he8zw74jRYu4/Q+9DpMzs8L0=
-40,0,7kQveNKZiVwFBb35qeQaSGAoRRw=,Ce/EetPiCabtq4CcVKcEtg6LQmo=
-43,4,7kQveNKZiVwFBb35qeQaSGAoRRw=,M55he8zw74jRYu4/Q+9DpMzs8L0=
-41,2,7kQveNKZiVwFBb35qeQaSGAoRRw=,sjaF3h/8gy0+A554iY1DNANZhuc=
-40,1,7kQveNKZiVwFBb35qeQaSGAoRRw=,Ce/EetPiCabtq4CcVKcEtg6LQmo=
-44,3,7kQveNKZiVwFBb35qeQaSGAoRRw=,sjaF3h/8gy0+A554iY1DNANZhuc=
-41,0,7kQveNKZiVwFBb35qeQaSGAoRRw=,sjaF3h/8gy0+A554iY1DNANZhuc=
-46,4,7kQveNKZiVwFBb35qeQaSGAoRRw=,htcelDMeNTC3+kaHrXrwYlisVpQ=
-43,2,7kQveNKZiVwFBb35qeQaSGAoRRw=,sjaF3h/8gy0+A554iY1DNANZhuc=
-42,2,7kQveNKZiVwFBb35qeQaSGAoRRw=,sjaF3h/8gy0+A554iY1DNANZhuc=
-48,3,7kQveNKZiVwFBb35qeQaSGAoRRw=,eZ1Y1gsBOkeEEhsjjgn1t/xSv14=
-47,4,7kQveNKZiVwFBb35qeQaSGAoRRw=,htcelDMeNTC3+kaHrXrwYlisVpQ=
-42,1,7kQveNKZiVwFBb35qeQaSGAoRRw=,sjaF3h/8gy0+A554iY1DNANZhuc=
-48,4,7kQveNKZiVwFBb35qeQaSGAoRRw=,htcelDMeNTC3+kaHrXrwYlisVpQ=
-43,1,7kQveNKZiVwFBb35qeQaSGAoRRw=,sjaF3h/8gy0+A554iY1DNANZhuc=
-45,4,7kQveNKZiVwFBb35qeQaSGAoRRw=,htcelDMeNTC3+kaHrXrwYlisVpQ=
-45,2,7kQveNKZiVwFBb35qeQaSGAoRRw=,eZ1Y1gsBOkeEEhsjjgn1t/xSv14=
-45,3,7kQveNKZiVwFBb35qeQaSGAoRRw=,eZ1Y1gsBOkeEEhsjjgn1t/xSv14=
-47,0,7kQveNKZiVwFBb35qeQaSGAoRRw=,eZ1Y1gsBOkeEEhsjjgn1t/xSv14=
-46,0,7kQveNKZiVwFBb35qeQaSGAoRRw=,eZ1Y1gsBOkeEEhsjjgn1t/xSv14=
-43,0,7kQveNKZiVwFBb35qeQaSGAoRRw=,sjaF3h/8gy0+A554iY1DNANZhuc=
-44,4,7kQveNKZiVwFBb35qeQaSGAoRRw=,M55he8zw74jRYu4/Q+9DpMzs8L0=
-46,1,7kQveNKZiVwFBb35qeQaSGAoRRw=,eZ1Y1gsBOkeEEhsjjgn1t/xSv14=
-41,1,7kQveNKZiVwFBb35qeQaSGAoRRw=,sjaF3h/8gy0+A554iY1DNANZhuc=
-48,1,7kQveNKZiVwFBb35qeQaSGAoRRw=,eZ1Y1gsBOkeEEhsjjgn1t/xSv14=
-46,2,7kQveNKZiVwFBb35qeQaSGAoRRw=,eZ1Y1gsBOkeEEhsjjgn1t/xSv14=
-48,0,7kQveNKZiVwFBb35qeQaSGAoRRw=,eZ1Y1gsBOkeEEhsjjgn1t/xSv14=
-46,3,7kQveNKZiVwFBb35qeQaSGAoRRw=,eZ1Y1gsBOkeEEhsjjgn1t/xSv14=
-45,1,7kQveNKZiVwFBb35qeQaSGAoRRw=,eZ1Y1gsBOkeEEhsjjgn1t/xSv14=
-47,3,7kQveNKZiVwFBb35qeQaSGAoRRw=,eZ1Y1gsBOkeEEhsjjgn1t/xSv14=
-45,0,7kQveNKZiVwFBb35qeQaSGAoRRw=,eZ1Y1gsBOkeEEhsjjgn1t/xSv14=
-48,2,7kQveNKZiVwFBb35qeQaSGAoRRw=,eZ1Y1gsBOkeEEhsjjgn1t/xSv14=
-40,4,7kQveNKZiVwFBb35qeQaSGAoRRw=,qzrw5B+7aQiylnxYs1Z30fwPrgQ=
-47,2,7kQveNKZiVwFBb35qeQaSGAoRRw=,eZ1Y1gsBOkeEEhsjjgn1t/xSv14=
-47,1,7kQveNKZiVwFBb35qeQaSGAoRRw=,eZ1Y1gsBOkeEEhsjjgn1t/xSv14=
-43,3,7kQveNKZiVwFBb35qeQaSGAoRRw=,sjaF3h/8gy0+A554iY1DNANZhuc=
-44,1,7kQveNKZiVwFBb35qeQaSGAoRRw=,sjaF3h/8gy0+A554iY1DNANZhuc=
-44,2,7kQveNKZiVwFBb35qeQaSGAoRRw=,sjaF3h/8gy0+A554iY1DNANZhuc=
-40,2,7kQveNKZiVwFBb35qeQaSGAoRRw=,Ce/EetPiCabtq4CcVKcEtg6LQmo=
-41,3,7kQveNKZiVwFBb35qeQaSGAoRRw=,sjaF3h/8gy0+A554iY1DNANZhuc=
-40,3,7kQveNKZiVwFBb35qeQaSGAoRRw=,Ce/EetPiCabtq4CcVKcEtg6LQmo=
-44,0,7kQveNKZiVwFBb35qeQaSGAoRRw=,sjaF3h/8gy0+A554iY1DNANZhuc=
-42,3,7kQveNKZiVwFBb35qeQaSGAoRRw=,sjaF3h/8gy0+A554iY1DNANZhuc=
-51,1,MzXGp6IiqxfZ0G1O8uIkBB6zMMc=,OTDGgWZ9g9vx9MtG61bh+3FpVSo=
-50,2,MzXGp6IiqxfZ0G1O8uIkBB6zMMc=,OTDGgWZ9g9vx9MtG61bh+3FpVSo=
-55,1,MzXGp6IiqxfZ0G1O8uIkBB6zMMc=,u8QAwNMcSv/C59XRKkZzeGkGEVM=
-53,2,MzXGp6IiqxfZ0G1O8uIkBB6zMMc=,u8QAwNMcSv/C59XRKkZzeGkGEVM=
-52,2,MzXGp6IiqxfZ0G1O8uIkBB6zMMc=,OTDGgWZ9g9vx9MtG61bh+3FpVSo=
-50,1,MzXGp6IiqxfZ0G1O8uIkBB6zMMc=,OTDGgWZ9g9vx9MtG61bh+3FpVSo=
-54,2,MzXGp6IiqxfZ0G1O8uIkBB6zMMc=,u8QAwNMcSv/C59XRKkZzeGkGEVM=
-54,1,MzXGp6IiqxfZ0G1O8uIkBB6zMMc=,u8QAwNMcSv/C59XRKkZzeGkGEVM=
-51,2,MzXGp6IiqxfZ0G1O8uIkBB6zMMc=,OTDGgWZ9g9vx9MtG61bh+3FpVSo=
-55,2,MzXGp6IiqxfZ0G1O8uIkBB6zMMc=,u8QAwNMcSv/C59XRKkZzeGkGEVM=
-53,1,MzXGp6IiqxfZ0G1O8uIkBB6zMMc=,u8QAwNMcSv/C59XRKkZzeGkGEVM=
-52,1,MzXGp6IiqxfZ0G1O8uIkBB6zMMc=,OTDGgWZ9g9vx9MtG61bh+3FpVSo=
-51,3,MzXGp6IiqxfZ0G1O8uIkBB6zMMc=,OTDGgWZ9g9vx9MtG61bh+3FpVSo=
-50,3,MzXGp6IiqxfZ0G1O8uIkBB6zMMc=,OTDGgWZ9g9vx9MtG61bh+3FpVSo=
-52,3,MzXGp6IiqxfZ0G1O8uIkBB6zMMc=,OTDGgWZ9g9vx9MtG61bh+3FpVSo=
-51,4,MzXGp6IiqxfZ0G1O8uIkBB6zMMc=,Hl4usqlGxAy131WOvLdiVxGnMWE=
-55,5,MzXGp6IiqxfZ0G1O8uIkBB6zMMc=,NAeZmunxO+2r34tCb50pkWWXuLc=
-50,6,MzXGp6IiqxfZ0G1O8uIkBB6zMMc=,Hl4usqlGxAy131WOvLdiVxGnMWE=
-54,5,MzXGp6IiqxfZ0G1O8uIkBB6zMMc=,NAeZmunxO+2r34tCb50pkWWXuLc=
-50,4,MzXGp6IiqxfZ0G1O8uIkBB6zMMc=,Hl4usqlGxAy131WOvLdiVxGnMWE=
-53,5,MzXGp6IiqxfZ0G1O8uIkBB6zMMc=,NAeZmunxO+2r34tCb50pkWWXuLc=
-51,5,MzXGp6IiqxfZ0G1O8uIkBB6zMMc=,Hl4usqlGxAy131WOvLdiVxGnMWE=
-55,6,MzXGp6IiqxfZ0G1O8uIkBB6zMMc=,NAeZmunxO+2r34tCb50pkWWXuLc=
-50,5,MzXGp6IiqxfZ0G1O8uIkBB6zMMc=,Hl4usqlGxAy131WOvLdiVxGnMWE=
-53,4,MzXGp6IiqxfZ0G1O8uIkBB6zMMc=,NAeZmunxO+2r34tCb50pkWWXuLc=
-51,6,MzXGp6IiqxfZ0G1O8uIkBB6zMMc=,Hl4usqlGxAy131WOvLdiVxGnMWE=
-52,6,MzXGp6IiqxfZ0G1O8uIkBB6zMMc=,Hl4usqlGxAy131WOvLdiVxGnMWE=
-55,3,MzXGp6IiqxfZ0G1O8uIkBB6zMMc=,u8QAwNMcSv/C59XRKkZzeGkGEVM=
-52,4,MzXGp6IiqxfZ0G1O8uIkBB6zMMc=,Hl4usqlGxAy131WOvLdiVxGnMWE=
-54,3,MzXGp6IiqxfZ0G1O8uIkBB6zMMc=,u8QAwNMcSv/C59XRKkZzeGkGEVM=
-53,3,MzXGp6IiqxfZ0G1O8uIkBB6zMMc=,u8QAwNMcSv/C59XRKkZzeGkGEVM=
-52,5,MzXGp6IiqxfZ0G1O8uIkBB6zMMc=,Hl4usqlGxAy131WOvLdiVxGnMWE=
-55,4,MzXGp6IiqxfZ0G1O8uIkBB6zMMc=,NAeZmunxO+2r34tCb50pkWWXuLc=
-54,6,MzXGp6IiqxfZ0G1O8uIkBB6zMMc=,NAeZmunxO+2r34tCb50pkWWXuLc=
-53,6,MzXGp6IiqxfZ0G1O8uIkBB6zMMc=,NAeZmunxO+2r34tCb50pkWWXuLc=
-54,4,MzXGp6IiqxfZ0G1O8uIkBB6zMMc=,NAeZmunxO+2r34tCb50pkWWXuLc=
-56,5,inXMvJHVJXdLhUCEjwyxebWH9wU=,NAeZmunxO+2r34tCb50pkWWXuLc=
-59,9,inXMvJHVJXdLhUCEjwyxebWH9wU=,tsLCS/w6tT4RUxMG8UOfQOlWEMI=
-59,5,inXMvJHVJXdLhUCEjwyxebWH9wU=,3Q5WgCrn9PXmuDjuGOk58ryHKyE=
-58,5,inXMvJHVJXdLhUCEjwyxebWH9wU=,3Q5WgCrn9PXmuDjuGOk58ryHKyE=
-58,9,inXMvJHVJXdLhUCEjwyxebWH9wU=,tsLCS/w6tT4RUxMG8UOfQOlWEMI=
-59,7,inXMvJHVJXdLhUCEjwyxebWH9wU=,3Q5WgCrn9PXmuDjuGOk58ryHKyE=
-57,5,inXMvJHVJXdLhUCEjwyxebWH9wU=,3Q5WgCrn9PXmuDjuGOk58ryHKyE=
-58,7,inXMvJHVJXdLhUCEjwyxebWH9wU=,3Q5WgCrn9PXmuDjuGOk58ryHKyE=
-59,6,inXMvJHVJXdLhUCEjwyxebWH9wU=,3Q5WgCrn9PXmuDjuGOk58ryHKyE=
-59,10,inXMvJHVJXdLhUCEjwyxebWH9wU=,tsLCS/w6tT4RUxMG8UOfQOlWEMI=
-56,6,inXMvJHVJXdLhUCEjwyxebWH9wU=,NAeZmunxO+2r34tCb50pkWWXuLc=
-58,10,inXMvJHVJXdLhUCEjwyxebWH9wU=,tsLCS/w6tT4RUxMG8UOfQOlWEMI=
-58,6,inXMvJHVJXdLhUCEjwyxebWH9wU=,3Q5WgCrn9PXmuDjuGOk58ryHKyE=
-59,8,inXMvJHVJXdLhUCEjwyxebWH9wU=,tsLCS/w6tT4RUxMG8UOfQOlWEMI=
-57,6,inXMvJHVJXdLhUCEjwyxebWH9wU=,3Q5WgCrn9PXmuDjuGOk58ryHKyE=
-58,8,inXMvJHVJXdLhUCEjwyxebWH9wU=,tsLCS/w6tT4RUxMG8UOfQOlWEMI=
-56,7,inXMvJHVJXdLhUCEjwyxebWH9wU=,NAeZmunxO+2r34tCb50pkWWXuLc=
-55,7,MzXGp6IiqxfZ0G1O8uIkBB6zMMc=,NAeZmunxO+2r34tCb50pkWWXuLc=
-54,7,MzXGp6IiqxfZ0G1O8uIkBB6zMMc=,NAeZmunxO+2r34tCb50pkWWXuLc=
-57,9,inXMvJHVJXdLhUCEjwyxebWH9wU=,tsLCS/w6tT4RUxMG8UOfQOlWEMI=
-56,8,inXMvJHVJXdLhUCEjwyxebWH9wU=,HnokCcKNb7hqCsOg0cKzSgbEg1w=
-52,7,MzXGp6IiqxfZ0G1O8uIkBB6zMMc=,Hl4usqlGxAy131WOvLdiVxGnMWE=
-55,8,MzXGp6IiqxfZ0G1O8uIkBB6zMMc=,HnokCcKNb7hqCsOg0cKzSgbEg1w=
-53,7,MzXGp6IiqxfZ0G1O8uIkBB6zMMc=,NAeZmunxO+2r34tCb50pkWWXuLc=
-54,8,MzXGp6IiqxfZ0G1O8uIkBB6zMMc=,HnokCcKNb7hqCsOg0cKzSgbEg1w=
-51,7,MzXGp6IiqxfZ0G1O8uIkBB6zMMc=,Hl4usqlGxAy131WOvLdiVxGnMWE=
-57,7,inXMvJHVJXdLhUCEjwyxebWH9wU=,3Q5WgCrn9PXmuDjuGOk58ryHKyE=
-52,8,MzXGp6IiqxfZ0G1O8uIkBB6zMMc=,Y+QKHdJyB32TxiWJuo2UTfgvD/E=
-56,9,inXMvJHVJXdLhUCEjwyxebWH9wU=,HnokCcKNb7hqCsOg0cKzSgbEg1w=
-51,8,MzXGp6IiqxfZ0G1O8uIkBB6zMMc=,Y+QKHdJyB32TxiWJuo2UTfgvD/E=
-55,9,MzXGp6IiqxfZ0G1O8uIkBB6zMMc=,HnokCcKNb7hqCsOg0cKzSgbEg1w=
-53,8,MzXGp6IiqxfZ0G1O8uIkBB6zMMc=,HnokCcKNb7hqCsOg0cKzSgbEg1w=
-54,9,MzXGp6IiqxfZ0G1O8uIkBB6zMMc=,HnokCcKNb7hqCsOg0cKzSgbEg1w=
-50,10,MzXGp6IiqxfZ0G1O8uIkBB6zMMc=,Y+QKHdJyB32TxiWJuo2UTfgvD/E=
-53,10,MzXGp6IiqxfZ0G1O8uIkBB6zMMc=,HnokCcKNb7hqCsOg0cKzSgbEg1w=
-52,9,MzXGp6IiqxfZ0G1O8uIkBB6zMMc=,Y+QKHdJyB32TxiWJuo2UTfgvD/E=
-50,8,MzXGp6IiqxfZ0G1O8uIkBB6zMMc=,Y+QKHdJyB32TxiWJuo2UTfgvD/E=
-56,10,inXMvJHVJXdLhUCEjwyxebWH9wU=,HnokCcKNb7hqCsOg0cKzSgbEg1w=
-50,7,MzXGp6IiqxfZ0G1O8uIkBB6zMMc=,Hl4usqlGxAy131WOvLdiVxGnMWE=
-57,8,inXMvJHVJXdLhUCEjwyxebWH9wU=,tsLCS/w6tT4RUxMG8UOfQOlWEMI=
-57,10,inXMvJHVJXdLhUCEjwyxebWH9wU=,tsLCS/w6tT4RUxMG8UOfQOlWEMI=
-55,10,MzXGp6IiqxfZ0G1O8uIkBB6zMMc=,HnokCcKNb7hqCsOg0cKzSgbEg1w=
-54,10,MzXGp6IiqxfZ0G1O8uIkBB6zMMc=,HnokCcKNb7hqCsOg0cKzSgbEg1w=
-53,9,MzXGp6IiqxfZ0G1O8uIkBB6zMMc=,HnokCcKNb7hqCsOg0cKzSgbEg1w=
-51,9,MzXGp6IiqxfZ0G1O8uIkBB6zMMc=,Y+QKHdJyB32TxiWJuo2UTfgvD/E=
-50,9,MzXGp6IiqxfZ0G1O8uIkBB6zMMc=,Y+QKHdJyB32TxiWJuo2UTfgvD/E=
-52,10,MzXGp6IiqxfZ0G1O8uIkBB6zMMc=,Y+QKHdJyB32TxiWJuo2UTfgvD/E=
-51,10,MzXGp6IiqxfZ0G1O8uIkBB6zMMc=,Y+QKHdJyB32TxiWJuo2UTfgvD/E=
-51,11,inXMvJHVJXdLhUCEjwyxebWH9wU=,Y+QKHdJyB32TxiWJuo2UTfgvD/E=
-55,11,MzXGp6IiqxfZ0G1O8uIkBB6zMMc=,HnokCcKNb7hqCsOg0cKzSgbEg1w=
-51,12,inXMvJHVJXdLhUCEjwyxebWH9wU=,4JqoOAHeO2UQtDWn4MIIrhOng3A=
-54,11,MzXGp6IiqxfZ0G1O8uIkBB6zMMc=,HnokCcKNb7hqCsOg0cKzSgbEg1w=
-50,12,inXMvJHVJXdLhUCEjwyxebWH9wU=,4JqoOAHeO2UQtDWn4MIIrhOng3A=
-52,11,inXMvJHVJXdLhUCEjwyxebWH9wU=,Y+QKHdJyB32TxiWJuo2UTfgvD/E=
-53,14,inXMvJHVJXdLhUCEjwyxebWH9wU=,tlsoi1YAoTZNPYOWYunDFNDVcjE=
-51,13,inXMvJHVJXdLhUCEjwyxebWH9wU=,4JqoOAHeO2UQtDWn4MIIrhOng3A=
-53,11,inXMvJHVJXdLhUCEjwyxebWH9wU=,HnokCcKNb7hqCsOg0cKzSgbEg1w=
-50,13,inXMvJHVJXdLhUCEjwyxebWH9wU=,4JqoOAHeO2UQtDWn4MIIrhOng3A=
-55,12,MzXGp6IiqxfZ0G1O8uIkBB6zMMc=,tlsoi1YAoTZNPYOWYunDFNDVcjE=
-50,11,inXMvJHVJXdLhUCEjwyxebWH9wU=,Y+QKHdJyB32TxiWJuo2UTfgvD/E=
-54,12,MzXGp6IiqxfZ0G1O8uIkBB6zMMc=,tlsoi1YAoTZNPYOWYunDFNDVcjE=
-54,14,MzXGp6IiqxfZ0G1O8uIkBB6zMMc=,tlsoi1YAoTZNPYOWYunDFNDVcjE=
-51,14,inXMvJHVJXdLhUCEjwyxebWH9wU=,4JqoOAHeO2UQtDWn4MIIrhOng3A=
-53,12,inXMvJHVJXdLhUCEjwyxebWH9wU=,tlsoi1YAoTZNPYOWYunDFNDVcjE=
-55,14,MzXGp6IiqxfZ0G1O8uIkBB6zMMc=,tlsoi1YAoTZNPYOWYunDFNDVcjE=
-50,14,inXMvJHVJXdLhUCEjwyxebWH9wU=,4JqoOAHeO2UQtDWn4MIIrhOng3A=
-55,13,MzXGp6IiqxfZ0G1O8uIkBB6zMMc=,tlsoi1YAoTZNPYOWYunDFNDVcjE=
-52,12,inXMvJHVJXdLhUCEjwyxebWH9wU=,4JqoOAHeO2UQtDWn4MIIrhOng3A=
-52,13,inXMvJHVJXdLhUCEjwyxebWH9wU=,4JqoOAHeO2UQtDWn4MIIrhOng3A=
-52,14,inXMvJHVJXdLhUCEjwyxebWH9wU=,4JqoOAHeO2UQtDWn4MIIrhOng3A=
-54,13,MzXGp6IiqxfZ0G1O8uIkBB6zMMc=,tlsoi1YAoTZNPYOWYunDFNDVcjE=
-53,13,inXMvJHVJXdLhUCEjwyxebWH9wU=,tlsoi1YAoTZNPYOWYunDFNDVcjE=
-56,11,inXMvJHVJXdLhUCEjwyxebWH9wU=,HnokCcKNb7hqCsOg0cKzSgbEg1w=
-59,11,inXMvJHVJXdLhUCEjwyxebWH9wU=,tsLCS/w6tT4RUxMG8UOfQOlWEMI=
-63,13,inXMvJHVJXdLhUCEjwyxebWH9wU=,mNM/Rh+tphX7Bj3UHmjrYJ/oNuw=
-58,11,inXMvJHVJXdLhUCEjwyxebWH9wU=,tsLCS/w6tT4RUxMG8UOfQOlWEMI=
-57,11,inXMvJHVJXdLhUCEjwyxebWH9wU=,tsLCS/w6tT4RUxMG8UOfQOlWEMI=
-62,13,inXMvJHVJXdLhUCEjwyxebWH9wU=,mNM/Rh+tphX7Bj3UHmjrYJ/oNuw=
-59,12,inXMvJHVJXdLhUCEjwyxebWH9wU=,gvxFfQ6jGsVtJdKYiM95oMw5Wn4=
-61,13,inXMvJHVJXdLhUCEjwyxebWH9wU=,mNM/Rh+tphX7Bj3UHmjrYJ/oNuw=
-60,13,inXMvJHVJXdLhUCEjwyxebWH9wU=,gvxFfQ6jGsVtJdKYiM95oMw5Wn4=
-56,12,inXMvJHVJXdLhUCEjwyxebWH9wU=,tlsoi1YAoTZNPYOWYunDFNDVcjE=
-60,14,inXMvJHVJXdLhUCEjwyxebWH9wU=,gvxFfQ6jGsVtJdKYiM95oMw5Wn4=
-56,13,inXMvJHVJXdLhUCEjwyxebWH9wU=,tlsoi1YAoTZNPYOWYunDFNDVcjE=
-63,14,inXMvJHVJXdLhUCEjwyxebWH9wU=,mNM/Rh+tphX7Bj3UHmjrYJ/oNuw=
-61,14,inXMvJHVJXdLhUCEjwyxebWH9wU=,mNM/Rh+tphX7Bj3UHmjrYJ/oNuw=
-58,12,inXMvJHVJXdLhUCEjwyxebWH9wU=,gvxFfQ6jGsVtJdKYiM95oMw5Wn4=
-62,14,inXMvJHVJXdLhUCEjwyxebWH9wU=,mNM/Rh+tphX7Bj3UHmjrYJ/oNuw=
-57,12,inXMvJHVJXdLhUCEjwyxebWH9wU=,gvxFfQ6jGsVtJdKYiM95oMw5Wn4=
-59,13,inXMvJHVJXdLhUCEjwyxebWH9wU=,gvxFfQ6jGsVtJdKYiM95oMw5Wn4=
-57,14,inXMvJHVJXdLhUCEjwyxebWH9wU=,gvxFfQ6jGsVtJdKYiM95oMw5Wn4=
-56,14,inXMvJHVJXdLhUCEjwyxebWH9wU=,tlsoi1YAoTZNPYOWYunDFNDVcjE=
-58,13,inXMvJHVJXdLhUCEjwyxebWH9wU=,gvxFfQ6jGsVtJdKYiM95oMw5Wn4=
-60,11,inXMvJHVJXdLhUCEjwyxebWH9wU=,tsLCS/w6tT4RUxMG8UOfQOlWEMI=
-60,9,inXMvJHVJXdLhUCEjwyxebWH9wU=,tsLCS/w6tT4RUxMG8UOfQOlWEMI=
-57,13,inXMvJHVJXdLhUCEjwyxebWH9wU=,gvxFfQ6jGsVtJdKYiM95oMw5Wn4=
-63,11,inXMvJHVJXdLhUCEjwyxebWH9wU=,GYxKFNnl4ad85tE7J6vXCOnCIDY=
-59,14,inXMvJHVJXdLhUCEjwyxebWH9wU=,gvxFfQ6jGsVtJdKYiM95oMw5Wn4=
-63,9,inXMvJHVJXdLhUCEjwyxebWH9wU=,GYxKFNnl4ad85tE7J6vXCOnCIDY=
-58,14,inXMvJHVJXdLhUCEjwyxebWH9wU=,gvxFfQ6jGsVtJdKYiM95oMw5Wn4=
-60,12,inXMvJHVJXdLhUCEjwyxebWH9wU=,gvxFfQ6jGsVtJdKYiM95oMw5Wn4=
-62,9,inXMvJHVJXdLhUCEjwyxebWH9wU=,GYxKFNnl4ad85tE7J6vXCOnCIDY=
-61,9,inXMvJHVJXdLhUCEjwyxebWH9wU=,GYxKFNnl4ad85tE7J6vXCOnCIDY=
-62,11,inXMvJHVJXdLhUCEjwyxebWH9wU=,GYxKFNnl4ad85tE7J6vXCOnCIDY=
-61,11,inXMvJHVJXdLhUCEjwyxebWH9wU=,GYxKFNnl4ad85tE7J6vXCOnCIDY=
-63,10,inXMvJHVJXdLhUCEjwyxebWH9wU=,GYxKFNnl4ad85tE7J6vXCOnCIDY=
-63,12,inXMvJHVJXdLhUCEjwyxebWH9wU=,mNM/Rh+tphX7Bj3UHmjrYJ/oNuw=
-62,12,inXMvJHVJXdLhUCEjwyxebWH9wU=,mNM/Rh+tphX7Bj3UHmjrYJ/oNuw=
-62,8,inXMvJHVJXdLhUCEjwyxebWH9wU=,GYxKFNnl4ad85tE7J6vXCOnCIDY=
-61,10,inXMvJHVJXdLhUCEjwyxebWH9wU=,GYxKFNnl4ad85tE7J6vXCOnCIDY=
-62,7,inXMvJHVJXdLhUCEjwyxebWH9wU=,9L8ild+xjVE0caR9VOlIRrwzaf8=
-60,10,inXMvJHVJXdLhUCEjwyxebWH9wU=,tsLCS/w6tT4RUxMG8UOfQOlWEMI=
-60,5,inXMvJHVJXdLhUCEjwyxebWH9wU=,3Q5WgCrn9PXmuDjuGOk58ryHKyE=
-61,12,inXMvJHVJXdLhUCEjwyxebWH9wU=,mNM/Rh+tphX7Bj3UHmjrYJ/oNuw=
-60,7,inXMvJHVJXdLhUCEjwyxebWH9wU=,3Q5WgCrn9PXmuDjuGOk58ryHKyE=
-62,10,inXMvJHVJXdLhUCEjwyxebWH9wU=,GYxKFNnl4ad85tE7J6vXCOnCIDY=
-61,7,inXMvJHVJXdLhUCEjwyxebWH9wU=,9L8ild+xjVE0caR9VOlIRrwzaf8=
-64,6,inXMvJHVJXdLhUCEjwyxebWH9wU=,9L8ild+xjVE0caR9VOlIRrwzaf8=
-63,7,inXMvJHVJXdLhUCEjwyxebWH9wU=,9L8ild+xjVE0caR9VOlIRrwzaf8=
-63,6,inXMvJHVJXdLhUCEjwyxebWH9wU=,9L8ild+xjVE0caR9VOlIRrwzaf8=
-64,5,inXMvJHVJXdLhUCEjwyxebWH9wU=,9L8ild+xjVE0caR9VOlIRrwzaf8=
-60,6,inXMvJHVJXdLhUCEjwyxebWH9wU=,3Q5WgCrn9PXmuDjuGOk58ryHKyE=
-61,8,inXMvJHVJXdLhUCEjwyxebWH9wU=,GYxKFNnl4ad85tE7J6vXCOnCIDY=
-62,6,inXMvJHVJXdLhUCEjwyxebWH9wU=,9L8ild+xjVE0caR9VOlIRrwzaf8=
-60,8,inXMvJHVJXdLhUCEjwyxebWH9wU=,tsLCS/w6tT4RUxMG8UOfQOlWEMI=
-62,5,inXMvJHVJXdLhUCEjwyxebWH9wU=,9L8ild+xjVE0caR9VOlIRrwzaf8=
-63,0,inXMvJHVJXdLhUCEjwyxebWH9wU=,TS+6+PhWRRrgqUnShvySc+9ZYFM=
-63,4,inXMvJHVJXdLhUCEjwyxebWH9wU=,9L8ild+xjVE0caR9VOlIRrwzaf8=
-63,5,inXMvJHVJXdLhUCEjwyxebWH9wU=,9L8ild+xjVE0caR9VOlIRrwzaf8=
-64,4,inXMvJHVJXdLhUCEjwyxebWH9wU=,9L8ild+xjVE0caR9VOlIRrwzaf8=
-64,3,inXMvJHVJXdLhUCEjwyxebWH9wU=,TS+6+PhWRRrgqUnShvySc+9ZYFM=
-61,5,inXMvJHVJXdLhUCEjwyxebWH9wU=,9L8ild+xjVE0caR9VOlIRrwzaf8=
-62,4,inXMvJHVJXdLhUCEjwyxebWH9wU=,9L8ild+xjVE0caR9VOlIRrwzaf8=
-62,2,inXMvJHVJXdLhUCEjwyxebWH9wU=,TS+6+PhWRRrgqUnShvySc+9ZYFM=
-55,0,inXMvJHVJXdLhUCEjwyxebWH9wU=,u8QAwNMcSv/C59XRKkZzeGkGEVM=
-63,8,inXMvJHVJXdLhUCEjwyxebWH9wU=,GYxKFNnl4ad85tE7J6vXCOnCIDY=
-62,0,inXMvJHVJXdLhUCEjwyxebWH9wU=,TS+6+PhWRRrgqUnShvySc+9ZYFM=
-54,0,inXMvJHVJXdLhUCEjwyxebWH9wU=,u8QAwNMcSv/C59XRKkZzeGkGEVM=
-62,3,inXMvJHVJXdLhUCEjwyxebWH9wU=,TS+6+PhWRRrgqUnShvySc+9ZYFM=
-53,0,inXMvJHVJXdLhUCEjwyxebWH9wU=,u8QAwNMcSv/C59XRKkZzeGkGEVM=
-61,6,inXMvJHVJXdLhUCEjwyxebWH9wU=,9L8ild+xjVE0caR9VOlIRrwzaf8=
-49,1,inXMvJHVJXdLhUCEjwyxebWH9wU=,OTDGgWZ9g9vx9MtG61bh+3FpVSo=
-52,0,inXMvJHVJXdLhUCEjwyxebWH9wU=,OTDGgWZ9g9vx9MtG61bh+3FpVSo=
-50,0,inXMvJHVJXdLhUCEjwyxebWH9wU=,OTDGgWZ9g9vx9MtG61bh+3FpVSo=
-51,0,inXMvJHVJXdLhUCEjwyxebWH9wU=,OTDGgWZ9g9vx9MtG61bh+3FpVSo=
-49,2,inXMvJHVJXdLhUCEjwyxebWH9wU=,OTDGgWZ9g9vx9MtG61bh+3FpVSo=
-63,3,inXMvJHVJXdLhUCEjwyxebWH9wU=,TS+6+PhWRRrgqUnShvySc+9ZYFM=
-62,1,inXMvJHVJXdLhUCEjwyxebWH9wU=,TS+6+PhWRRrgqUnShvySc+9ZYFM=
-49,9,inXMvJHVJXdLhUCEjwyxebWH9wU=,Y+QKHdJyB32TxiWJuo2UTfgvD/E=
-64,2,inXMvJHVJXdLhUCEjwyxebWH9wU=,TS+6+PhWRRrgqUnShvySc+9ZYFM=
-63,1,inXMvJHVJXdLhUCEjwyxebWH9wU=,TS+6+PhWRRrgqUnShvySc+9ZYFM=
-49,10,inXMvJHVJXdLhUCEjwyxebWH9wU=,Y+QKHdJyB32TxiWJuo2UTfgvD/E=
-64,1,inXMvJHVJXdLhUCEjwyxebWH9wU=,TS+6+PhWRRrgqUnShvySc+9ZYFM=
-63,2,inXMvJHVJXdLhUCEjwyxebWH9wU=,TS+6+PhWRRrgqUnShvySc+9ZYFM=
-49,12,inXMvJHVJXdLhUCEjwyxebWH9wU=,4JqoOAHeO2UQtDWn4MIIrhOng3A=
-49,3,inXMvJHVJXdLhUCEjwyxebWH9wU=,OTDGgWZ9g9vx9MtG61bh+3FpVSo=
-49,14,inXMvJHVJXdLhUCEjwyxebWH9wU=,4JqoOAHeO2UQtDWn4MIIrhOng3A=
-49,11,inXMvJHVJXdLhUCEjwyxebWH9wU=,Y+QKHdJyB32TxiWJuo2UTfgvD/E=
-49,4,inXMvJHVJXdLhUCEjwyxebWH9wU=,Hl4usqlGxAy131WOvLdiVxGnMWE=
-49,6,inXMvJHVJXdLhUCEjwyxebWH9wU=,Hl4usqlGxAy131WOvLdiVxGnMWE=
-51,15,inXMvJHVJXdLhUCEjwyxebWH9wU=,4JqoOAHeO2UQtDWn4MIIrhOng3A=
-49,7,inXMvJHVJXdLhUCEjwyxebWH9wU=,Hl4usqlGxAy131WOvLdiVxGnMWE=
-49,5,inXMvJHVJXdLhUCEjwyxebWH9wU=,Hl4usqlGxAy131WOvLdiVxGnMWE=
-60,3,inXMvJHVJXdLhUCEjwyxebWH9wU=,2WLt0P8Rq9+X4BOrLCxzLFV8F20=
-49,8,inXMvJHVJXdLhUCEjwyxebWH9wU=,Y+QKHdJyB32TxiWJuo2UTfgvD/E=
-52,15,inXMvJHVJXdLhUCEjwyxebWH9wU=,4JqoOAHeO2UQtDWn4MIIrhOng3A=
-61,3,inXMvJHVJXdLhUCEjwyxebWH9wU=,TS+6+PhWRRrgqUnShvySc+9ZYFM=
-50,15,inXMvJHVJXdLhUCEjwyxebWH9wU=,4JqoOAHeO2UQtDWn4MIIrhOng3A=
-53,15,inXMvJHVJXdLhUCEjwyxebWH9wU=,tlsoi1YAoTZNPYOWYunDFNDVcjE=
-57,2,inXMvJHVJXdLhUCEjwyxebWH9wU=,2WLt0P8Rq9+X4BOrLCxzLFV8F20=
-57,4,inXMvJHVJXdLhUCEjwyxebWH9wU=,3Q5WgCrn9PXmuDjuGOk58ryHKyE=
-57,1,inXMvJHVJXdLhUCEjwyxebWH9wU=,2WLt0P8Rq9+X4BOrLCxzLFV8F20=
-57,0,inXMvJHVJXdLhUCEjwyxebWH9wU=,2WLt0P8Rq9+X4BOrLCxzLFV8F20=
-56,3,inXMvJHVJXdLhUCEjwyxebWH9wU=,u8QAwNMcSv/C59XRKkZzeGkGEVM=
-58,4,inXMvJHVJXdLhUCEjwyxebWH9wU=,3Q5WgCrn9PXmuDjuGOk58ryHKyE=
-56,15,inXMvJHVJXdLhUCEjwyxebWH9wU=,tlsoi1YAoTZNPYOWYunDFNDVcjE=
-56,4,inXMvJHVJXdLhUCEjwyxebWH9wU=,NAeZmunxO+2r34tCb50pkWWXuLc=
-49,13,inXMvJHVJXdLhUCEjwyxebWH9wU=,4JqoOAHeO2UQtDWn4MIIrhOng3A=
-55,15,inXMvJHVJXdLhUCEjwyxebWH9wU=,tlsoi1YAoTZNPYOWYunDFNDVcjE=
-59,15,inXMvJHVJXdLhUCEjwyxebWH9wU=,gvxFfQ6jGsVtJdKYiM95oMw5Wn4=
-54,15,inXMvJHVJXdLhUCEjwyxebWH9wU=,tlsoi1YAoTZNPYOWYunDFNDVcjE=
-58,0,inXMvJHVJXdLhUCEjwyxebWH9wU=,2WLt0P8Rq9+X4BOrLCxzLFV8F20=
-58,1,inXMvJHVJXdLhUCEjwyxebWH9wU=,2WLt0P8Rq9+X4BOrLCxzLFV8F20=
-58,2,inXMvJHVJXdLhUCEjwyxebWH9wU=,2WLt0P8Rq9+X4BOrLCxzLFV8F20=
-63,15,inXMvJHVJXdLhUCEjwyxebWH9wU=,mNM/Rh+tphX7Bj3UHmjrYJ/oNuw=
-57,15,inXMvJHVJXdLhUCEjwyxebWH9wU=,gvxFfQ6jGsVtJdKYiM95oMw5Wn4=
-59,4,inXMvJHVJXdLhUCEjwyxebWH9wU=,3Q5WgCrn9PXmuDjuGOk58ryHKyE=
-60,4,inXMvJHVJXdLhUCEjwyxebWH9wU=,3Q5WgCrn9PXmuDjuGOk58ryHKyE=
-56,2,inXMvJHVJXdLhUCEjwyxebWH9wU=,u8QAwNMcSv/C59XRKkZzeGkGEVM=
-61,2,inXMvJHVJXdLhUCEjwyxebWH9wU=,TS+6+PhWRRrgqUnShvySc+9ZYFM=
-61,15,inXMvJHVJXdLhUCEjwyxebWH9wU=,mNM/Rh+tphX7Bj3UHmjrYJ/oNuw=
-58,15,inXMvJHVJXdLhUCEjwyxebWH9wU=,gvxFfQ6jGsVtJdKYiM95oMw5Wn4=
-62,15,inXMvJHVJXdLhUCEjwyxebWH9wU=,mNM/Rh+tphX7Bj3UHmjrYJ/oNuw=
-61,4,inXMvJHVJXdLhUCEjwyxebWH9wU=,9L8ild+xjVE0caR9VOlIRrwzaf8=
-64,13,inXMvJHVJXdLhUCEjwyxebWH9wU=,mNM/Rh+tphX7Bj3UHmjrYJ/oNuw=
-56,0,inXMvJHVJXdLhUCEjwyxebWH9wU=,u8QAwNMcSv/C59XRKkZzeGkGEVM=
-60,15,inXMvJHVJXdLhUCEjwyxebWH9wU=,gvxFfQ6jGsVtJdKYiM95oMw5Wn4=
-59,1,inXMvJHVJXdLhUCEjwyxebWH9wU=,2WLt0P8Rq9+X4BOrLCxzLFV8F20=
-59,2,inXMvJHVJXdLhUCEjwyxebWH9wU=,2WLt0P8Rq9+X4BOrLCxzLFV8F20=
-61,0,inXMvJHVJXdLhUCEjwyxebWH9wU=,TS+6+PhWRRrgqUnShvySc+9ZYFM=
-60,2,inXMvJHVJXdLhUCEjwyxebWH9wU=,2WLt0P8Rq9+X4BOrLCxzLFV8F20=
-59,0,inXMvJHVJXdLhUCEjwyxebWH9wU=,2WLt0P8Rq9+X4BOrLCxzLFV8F20=
-59,3,inXMvJHVJXdLhUCEjwyxebWH9wU=,2WLt0P8Rq9+X4BOrLCxzLFV8F20=
-64,15,inXMvJHVJXdLhUCEjwyxebWH9wU=,mNM/Rh+tphX7Bj3UHmjrYJ/oNuw=
-60,0,inXMvJHVJXdLhUCEjwyxebWH9wU=,2WLt0P8Rq9+X4BOrLCxzLFV8F20=
-49,0,inXMvJHVJXdLhUCEjwyxebWH9wU=,OTDGgWZ9g9vx9MtG61bh+3FpVSo=
-56,1,inXMvJHVJXdLhUCEjwyxebWH9wU=,u8QAwNMcSv/C59XRKkZzeGkGEVM=
-57,3,inXMvJHVJXdLhUCEjwyxebWH9wU=,2WLt0P8Rq9+X4BOrLCxzLFV8F20=
-60,1,inXMvJHVJXdLhUCEjwyxebWH9wU=,2WLt0P8Rq9+X4BOrLCxzLFV8F20=
-64,11,inXMvJHVJXdLhUCEjwyxebWH9wU=,GYxKFNnl4ad85tE7J6vXCOnCIDY=
-64,8,inXMvJHVJXdLhUCEjwyxebWH9wU=,GYxKFNnl4ad85tE7J6vXCOnCIDY=
-64,14,inXMvJHVJXdLhUCEjwyxebWH9wU=,mNM/Rh+tphX7Bj3UHmjrYJ/oNuw=
-64,12,inXMvJHVJXdLhUCEjwyxebWH9wU=,mNM/Rh+tphX7Bj3UHmjrYJ/oNuw=
-58,3,inXMvJHVJXdLhUCEjwyxebWH9wU=,2WLt0P8Rq9+X4BOrLCxzLFV8F20=
-49,15,inXMvJHVJXdLhUCEjwyxebWH9wU=,4JqoOAHeO2UQtDWn4MIIrhOng3A=
-64,0,inXMvJHVJXdLhUCEjwyxebWH9wU=,TS+6+PhWRRrgqUnShvySc+9ZYFM=
-61,1,inXMvJHVJXdLhUCEjwyxebWH9wU=,TS+6+PhWRRrgqUnShvySc+9ZYFM=
-64,7,inXMvJHVJXdLhUCEjwyxebWH9wU=,9L8ild+xjVE0caR9VOlIRrwzaf8=
-64,10,inXMvJHVJXdLhUCEjwyxebWH9wU=,GYxKFNnl4ad85tE7J6vXCOnCIDY=
-64,9,inXMvJHVJXdLhUCEjwyxebWH9wU=,GYxKFNnl4ad85tE7J6vXCOnCIDY=
-59,29,inXMvJHVJXdLhUCEjwyxebWH9wU=,8PgETTpbyJdrJHWzJKfRam2vPTQ=
-58,29,inXMvJHVJXdLhUCEjwyxebWH9wU=,8PgETTpbyJdrJHWzJKfRam2vPTQ=
-59,30,inXMvJHVJXdLhUCEjwyxebWH9wU=,8PgETTpbyJdrJHWzJKfRam2vPTQ=
-58,30,inXMvJHVJXdLhUCEjwyxebWH9wU=,8PgETTpbyJdrJHWzJKfRam2vPTQ=
-63,28,inXMvJHVJXdLhUCEjwyxebWH9wU=,ZkS01+yYyRKmualWEKYYvPiuST8=
-62,30,inXMvJHVJXdLhUCEjwyxebWH9wU=,ZkS01+yYyRKmualWEKYYvPiuST8=
-61,29,inXMvJHVJXdLhUCEjwyxebWH9wU=,ZkS01+yYyRKmualWEKYYvPiuST8=
-63,29,inXMvJHVJXdLhUCEjwyxebWH9wU=,ZkS01+yYyRKmualWEKYYvPiuST8=
-63,25,inXMvJHVJXdLhUCEjwyxebWH9wU=,GzHf8Dk7jXIgj63Uriy62aZ13CU=
-63,26,inXMvJHVJXdLhUCEjwyxebWH9wU=,GzHf8Dk7jXIgj63Uriy62aZ13CU=
-62,26,inXMvJHVJXdLhUCEjwyxebWH9wU=,GzHf8Dk7jXIgj63Uriy62aZ13CU=
-60,29,inXMvJHVJXdLhUCEjwyxebWH9wU=,8PgETTpbyJdrJHWzJKfRam2vPTQ=
-62,25,inXMvJHVJXdLhUCEjwyxebWH9wU=,GzHf8Dk7jXIgj63Uriy62aZ13CU=
-62,28,inXMvJHVJXdLhUCEjwyxebWH9wU=,ZkS01+yYyRKmualWEKYYvPiuST8=
-61,26,inXMvJHVJXdLhUCEjwyxebWH9wU=,GzHf8Dk7jXIgj63Uriy62aZ13CU=
-61,25,inXMvJHVJXdLhUCEjwyxebWH9wU=,GzHf8Dk7jXIgj63Uriy62aZ13CU=
-61,30,inXMvJHVJXdLhUCEjwyxebWH9wU=,ZkS01+yYyRKmualWEKYYvPiuST8=
-63,27,inXMvJHVJXdLhUCEjwyxebWH9wU=,GzHf8Dk7jXIgj63Uriy62aZ13CU=
-62,27,inXMvJHVJXdLhUCEjwyxebWH9wU=,GzHf8Dk7jXIgj63Uriy62aZ13CU=
-63,30,inXMvJHVJXdLhUCEjwyxebWH9wU=,ZkS01+yYyRKmualWEKYYvPiuST8=
-62,29,inXMvJHVJXdLhUCEjwyxebWH9wU=,ZkS01+yYyRKmualWEKYYvPiuST8=
-60,27,inXMvJHVJXdLhUCEjwyxebWH9wU=,Z58ERQuFf4qSs0QFBTZSKc/oLZw=
-60,30,inXMvJHVJXdLhUCEjwyxebWH9wU=,8PgETTpbyJdrJHWzJKfRam2vPTQ=
-59,27,inXMvJHVJXdLhUCEjwyxebWH9wU=,Z58ERQuFf4qSs0QFBTZSKc/oLZw=
-60,25,inXMvJHVJXdLhUCEjwyxebWH9wU=,Z58ERQuFf4qSs0QFBTZSKc/oLZw=
-61,28,inXMvJHVJXdLhUCEjwyxebWH9wU=,ZkS01+yYyRKmualWEKYYvPiuST8=
-58,26,inXMvJHVJXdLhUCEjwyxebWH9wU=,Z58ERQuFf4qSs0QFBTZSKc/oLZw=
-59,25,inXMvJHVJXdLhUCEjwyxebWH9wU=,Z58ERQuFf4qSs0QFBTZSKc/oLZw=
-60,28,inXMvJHVJXdLhUCEjwyxebWH9wU=,8PgETTpbyJdrJHWzJKfRam2vPTQ=
-59,28,inXMvJHVJXdLhUCEjwyxebWH9wU=,8PgETTpbyJdrJHWzJKfRam2vPTQ=
-58,28,inXMvJHVJXdLhUCEjwyxebWH9wU=,8PgETTpbyJdrJHWzJKfRam2vPTQ=
-58,27,inXMvJHVJXdLhUCEjwyxebWH9wU=,Z58ERQuFf4qSs0QFBTZSKc/oLZw=
-58,25,inXMvJHVJXdLhUCEjwyxebWH9wU=,Z58ERQuFf4qSs0QFBTZSKc/oLZw=
-60,26,inXMvJHVJXdLhUCEjwyxebWH9wU=,Z58ERQuFf4qSs0QFBTZSKc/oLZw=
-61,27,inXMvJHVJXdLhUCEjwyxebWH9wU=,GzHf8Dk7jXIgj63Uriy62aZ13CU=
-59,26,inXMvJHVJXdLhUCEjwyxebWH9wU=,Z58ERQuFf4qSs0QFBTZSKc/oLZw=
-59,24,inXMvJHVJXdLhUCEjwyxebWH9wU=,Z58ERQuFf4qSs0QFBTZSKc/oLZw=
-58,24,inXMvJHVJXdLhUCEjwyxebWH9wU=,Z58ERQuFf4qSs0QFBTZSKc/oLZw=
-59,21,inXMvJHVJXdLhUCEjwyxebWH9wU=,rir/c8Mo9ARrnpP3KBOtf1544Rw=
-58,21,inXMvJHVJXdLhUCEjwyxebWH9wU=,rir/c8Mo9ARrnpP3KBOtf1544Rw=
-59,22,inXMvJHVJXdLhUCEjwyxebWH9wU=,rir/c8Mo9ARrnpP3KBOtf1544Rw=
-58,22,inXMvJHVJXdLhUCEjwyxebWH9wU=,rir/c8Mo9ARrnpP3KBOtf1544Rw=
-60,24,inXMvJHVJXdLhUCEjwyxebWH9wU=,Z58ERQuFf4qSs0QFBTZSKc/oLZw=
-63,21,inXMvJHVJXdLhUCEjwyxebWH9wU=,/82RcyA9Sc5uupCz+Z9cF4/mZRg=
-60,21,inXMvJHVJXdLhUCEjwyxebWH9wU=,rir/c8Mo9ARrnpP3KBOtf1544Rw=
-58,23,inXMvJHVJXdLhUCEjwyxebWH9wU=,rir/c8Mo9ARrnpP3KBOtf1544Rw=
-62,21,inXMvJHVJXdLhUCEjwyxebWH9wU=,/82RcyA9Sc5uupCz+Z9cF4/mZRg=
-63,24,inXMvJHVJXdLhUCEjwyxebWH9wU=,GzHf8Dk7jXIgj63Uriy62aZ13CU=
-63,23,inXMvJHVJXdLhUCEjwyxebWH9wU=,/82RcyA9Sc5uupCz+Z9cF4/mZRg=
-61,24,inXMvJHVJXdLhUCEjwyxebWH9wU=,GzHf8Dk7jXIgj63Uriy62aZ13CU=
-61,21,inXMvJHVJXdLhUCEjwyxebWH9wU=,/82RcyA9Sc5uupCz+Z9cF4/mZRg=
-59,23,inXMvJHVJXdLhUCEjwyxebWH9wU=,rir/c8Mo9ARrnpP3KBOtf1544Rw=
-60,22,inXMvJHVJXdLhUCEjwyxebWH9wU=,rir/c8Mo9ARrnpP3KBOtf1544Rw=
-61,23,inXMvJHVJXdLhUCEjwyxebWH9wU=,/82RcyA9Sc5uupCz+Z9cF4/mZRg=
-62,23,inXMvJHVJXdLhUCEjwyxebWH9wU=,/82RcyA9Sc5uupCz+Z9cF4/mZRg=
-61,22,inXMvJHVJXdLhUCEjwyxebWH9wU=,/82RcyA9Sc5uupCz+Z9cF4/mZRg=
-62,22,inXMvJHVJXdLhUCEjwyxebWH9wU=,/82RcyA9Sc5uupCz+Z9cF4/mZRg=
-60,23,inXMvJHVJXdLhUCEjwyxebWH9wU=,rir/c8Mo9ARrnpP3KBOtf1544Rw=
-63,22,inXMvJHVJXdLhUCEjwyxebWH9wU=,/82RcyA9Sc5uupCz+Z9cF4/mZRg=
-62,24,inXMvJHVJXdLhUCEjwyxebWH9wU=,GzHf8Dk7jXIgj63Uriy62aZ13CU=
-57,21,inXMvJHVJXdLhUCEjwyxebWH9wU=,rir/c8Mo9ARrnpP3KBOtf1544Rw=
-57,22,inXMvJHVJXdLhUCEjwyxebWH9wU=,rir/c8Mo9ARrnpP3KBOtf1544Rw=
-56,21,6gKG9lyOM2/4Jo09Oo4GDSEWfAM=,c2nIQzumVhd8/0DUVAf5eSdz9Ko=
-55,21,6gKG9lyOM2/4Jo09Oo4GDSEWfAM=,c2nIQzumVhd8/0DUVAf5eSdz9Ko=
-54,21,6gKG9lyOM2/4Jo09Oo4GDSEWfAM=,c2nIQzumVhd8/0DUVAf5eSdz9Ko=
-56,22,6gKG9lyOM2/4Jo09Oo4GDSEWfAM=,c2nIQzumVhd8/0DUVAf5eSdz9Ko=
-55,22,inXMvJHVJXdLhUCEjwyxebWH9wU=,c2nIQzumVhd8/0DUVAf5eSdz9Ko=
-54,22,inXMvJHVJXdLhUCEjwyxebWH9wU=,c2nIQzumVhd8/0DUVAf5eSdz9Ko=
-55,17,6gKG9lyOM2/4Jo09Oo4GDSEWfAM=,+9yJXUVm8pzRIsb2CX0NS74yrnk=
-52,21,6gKG9lyOM2/4Jo09Oo4GDSEWfAM=,SGPoYQwMXpd2NzuNLyfcRUThXzM=
-54,18,6gKG9lyOM2/4Jo09Oo4GDSEWfAM=,+9yJXUVm8pzRIsb2CX0NS74yrnk=
-54,17,6gKG9lyOM2/4Jo09Oo4GDSEWfAM=,+9yJXUVm8pzRIsb2CX0NS74yrnk=
-54,20,6gKG9lyOM2/4Jo09Oo4GDSEWfAM=,c2nIQzumVhd8/0DUVAf5eSdz9Ko=
-51,21,inXMvJHVJXdLhUCEjwyxebWH9wU=,SGPoYQwMXpd2NzuNLyfcRUThXzM=
-55,18,6gKG9lyOM2/4Jo09Oo4GDSEWfAM=,+9yJXUVm8pzRIsb2CX0NS74yrnk=
-50,22,inXMvJHVJXdLhUCEjwyxebWH9wU=,SGPoYQwMXpd2NzuNLyfcRUThXzM=
-54,19,6gKG9lyOM2/4Jo09Oo4GDSEWfAM=,+9yJXUVm8pzRIsb2CX0NS74yrnk=
-55,20,6gKG9lyOM2/4Jo09Oo4GDSEWfAM=,c2nIQzumVhd8/0DUVAf5eSdz9Ko=
-53,21,6gKG9lyOM2/4Jo09Oo4GDSEWfAM=,c2nIQzumVhd8/0DUVAf5eSdz9Ko=
-55,19,6gKG9lyOM2/4Jo09Oo4GDSEWfAM=,+9yJXUVm8pzRIsb2CX0NS74yrnk=
-50,21,inXMvJHVJXdLhUCEjwyxebWH9wU=,SGPoYQwMXpd2NzuNLyfcRUThXzM=
-53,22,inXMvJHVJXdLhUCEjwyxebWH9wU=,c2nIQzumVhd8/0DUVAf5eSdz9Ko=
-52,22,6gKG9lyOM2/4Jo09Oo4GDSEWfAM=,SGPoYQwMXpd2NzuNLyfcRUThXzM=
-51,22,inXMvJHVJXdLhUCEjwyxebWH9wU=,SGPoYQwMXpd2NzuNLyfcRUThXzM=
-52,17,6gKG9lyOM2/4Jo09Oo4GDSEWfAM=,ytU8jPSav0dLckhCmpnizqVFfHc=
-51,17,6gKG9lyOM2/4Jo09Oo4GDSEWfAM=,ytU8jPSav0dLckhCmpnizqVFfHc=
-53,17,6gKG9lyOM2/4Jo09Oo4GDSEWfAM=,+9yJXUVm8pzRIsb2CX0NS74yrnk=
-50,17,6gKG9lyOM2/4Jo09Oo4GDSEWfAM=,ytU8jPSav0dLckhCmpnizqVFfHc=
-52,18,6gKG9lyOM2/4Jo09Oo4GDSEWfAM=,ytU8jPSav0dLckhCmpnizqVFfHc=
-51,18,6gKG9lyOM2/4Jo09Oo4GDSEWfAM=,ytU8jPSav0dLckhCmpnizqVFfHc=
-56,25,inXMvJHVJXdLhUCEjwyxebWH9wU=,XsONfk4xw2YLObZEYubXc8hPw1g=
-55,25,inXMvJHVJXdLhUCEjwyxebWH9wU=,XsONfk4xw2YLObZEYubXc8hPw1g=
-53,19,6gKG9lyOM2/4Jo09Oo4GDSEWfAM=,+9yJXUVm8pzRIsb2CX0NS74yrnk=
-57,23,inXMvJHVJXdLhUCEjwyxebWH9wU=,rir/c8Mo9ARrnpP3KBOtf1544Rw=
-54,25,inXMvJHVJXdLhUCEjwyxebWH9wU=,XsONfk4xw2YLObZEYubXc8hPw1g=
-56,26,inXMvJHVJXdLhUCEjwyxebWH9wU=,XsONfk4xw2YLObZEYubXc8hPw1g=
-55,26,inXMvJHVJXdLhUCEjwyxebWH9wU=,XsONfk4xw2YLObZEYubXc8hPw1g=
-56,23,inXMvJHVJXdLhUCEjwyxebWH9wU=,c2nIQzumVhd8/0DUVAf5eSdz9Ko=
-50,18,6gKG9lyOM2/4Jo09Oo4GDSEWfAM=,ytU8jPSav0dLckhCmpnizqVFfHc=
-55,23,inXMvJHVJXdLhUCEjwyxebWH9wU=,c2nIQzumVhd8/0DUVAf5eSdz9Ko=
-52,19,6gKG9lyOM2/4Jo09Oo4GDSEWfAM=,ytU8jPSav0dLckhCmpnizqVFfHc=
-54,26,inXMvJHVJXdLhUCEjwyxebWH9wU=,XsONfk4xw2YLObZEYubXc8hPw1g=
-51,19,6gKG9lyOM2/4Jo09Oo4GDSEWfAM=,ytU8jPSav0dLckhCmpnizqVFfHc=
-54,23,inXMvJHVJXdLhUCEjwyxebWH9wU=,c2nIQzumVhd8/0DUVAf5eSdz9Ko=
-57,24,inXMvJHVJXdLhUCEjwyxebWH9wU=,Z58ERQuFf4qSs0QFBTZSKc/oLZw=
-52,20,6gKG9lyOM2/4Jo09Oo4GDSEWfAM=,SGPoYQwMXpd2NzuNLyfcRUThXzM=
-53,20,6gKG9lyOM2/4Jo09Oo4GDSEWfAM=,c2nIQzumVhd8/0DUVAf5eSdz9Ko=
-57,25,inXMvJHVJXdLhUCEjwyxebWH9wU=,Z58ERQuFf4qSs0QFBTZSKc/oLZw=
-56,24,inXMvJHVJXdLhUCEjwyxebWH9wU=,XsONfk4xw2YLObZEYubXc8hPw1g=
-57,26,inXMvJHVJXdLhUCEjwyxebWH9wU=,Z58ERQuFf4qSs0QFBTZSKc/oLZw=
-51,20,6gKG9lyOM2/4Jo09Oo4GDSEWfAM=,SGPoYQwMXpd2NzuNLyfcRUThXzM=
-55,24,inXMvJHVJXdLhUCEjwyxebWH9wU=,XsONfk4xw2YLObZEYubXc8hPw1g=
-54,24,inXMvJHVJXdLhUCEjwyxebWH9wU=,XsONfk4xw2YLObZEYubXc8hPw1g=
-50,19,6gKG9lyOM2/4Jo09Oo4GDSEWfAM=,ytU8jPSav0dLckhCmpnizqVFfHc=
-50,20,6gKG9lyOM2/4Jo09Oo4GDSEWfAM=,SGPoYQwMXpd2NzuNLyfcRUThXzM=
-53,18,6gKG9lyOM2/4Jo09Oo4GDSEWfAM=,+9yJXUVm8pzRIsb2CX0NS74yrnk=
-53,25,inXMvJHVJXdLhUCEjwyxebWH9wU=,XsONfk4xw2YLObZEYubXc8hPw1g=
-49,25,6gKG9lyOM2/4Jo09Oo4GDSEWfAM=,gYbh/3Cn0QzDVkrMMZRMRzr6A0U=
-52,25,inXMvJHVJXdLhUCEjwyxebWH9wU=,gYbh/3Cn0QzDVkrMMZRMRzr6A0U=
-52,23,6gKG9lyOM2/4Jo09Oo4GDSEWfAM=,SGPoYQwMXpd2NzuNLyfcRUThXzM=
-53,26,inXMvJHVJXdLhUCEjwyxebWH9wU=,XsONfk4xw2YLObZEYubXc8hPw1g=
-51,25,inXMvJHVJXdLhUCEjwyxebWH9wU=,gYbh/3Cn0QzDVkrMMZRMRzr6A0U=
-53,23,inXMvJHVJXdLhUCEjwyxebWH9wU=,c2nIQzumVhd8/0DUVAf5eSdz9Ko=
-50,25,inXMvJHVJXdLhUCEjwyxebWH9wU=,gYbh/3Cn0QzDVkrMMZRMRzr6A0U=
-49,26,6gKG9lyOM2/4Jo09Oo4GDSEWfAM=,gYbh/3Cn0QzDVkrMMZRMRzr6A0U=
-51,23,inXMvJHVJXdLhUCEjwyxebWH9wU=,SGPoYQwMXpd2NzuNLyfcRUThXzM=
-50,24,inXMvJHVJXdLhUCEjwyxebWH9wU=,gYbh/3Cn0QzDVkrMMZRMRzr6A0U=
-50,26,inXMvJHVJXdLhUCEjwyxebWH9wU=,gYbh/3Cn0QzDVkrMMZRMRzr6A0U=
-51,24,inXMvJHVJXdLhUCEjwyxebWH9wU=,gYbh/3Cn0QzDVkrMMZRMRzr6A0U=
-53,24,inXMvJHVJXdLhUCEjwyxebWH9wU=,XsONfk4xw2YLObZEYubXc8hPw1g=
-52,26,inXMvJHVJXdLhUCEjwyxebWH9wU=,gYbh/3Cn0QzDVkrMMZRMRzr6A0U=
-52,24,inXMvJHVJXdLhUCEjwyxebWH9wU=,gYbh/3Cn0QzDVkrMMZRMRzr6A0U=
-50,23,inXMvJHVJXdLhUCEjwyxebWH9wU=,SGPoYQwMXpd2NzuNLyfcRUThXzM=
-56,29,inXMvJHVJXdLhUCEjwyxebWH9wU=,ycgOztb8s48Oody9oxg+uvLCXj0=
-51,26,inXMvJHVJXdLhUCEjwyxebWH9wU=,gYbh/3Cn0QzDVkrMMZRMRzr6A0U=
-55,29,inXMvJHVJXdLhUCEjwyxebWH9wU=,ycgOztb8s48Oody9oxg+uvLCXj0=
-57,29,inXMvJHVJXdLhUCEjwyxebWH9wU=,8PgETTpbyJdrJHWzJKfRam2vPTQ=
-57,30,inXMvJHVJXdLhUCEjwyxebWH9wU=,8PgETTpbyJdrJHWzJKfRam2vPTQ=
-54,28,inXMvJHVJXdLhUCEjwyxebWH9wU=,ycgOztb8s48Oody9oxg+uvLCXj0=
-59,31,6gKG9lyOM2/4Jo09Oo4GDSEWfAM=,8PgETTpbyJdrJHWzJKfRam2vPTQ=
-54,29,inXMvJHVJXdLhUCEjwyxebWH9wU=,ycgOztb8s48Oody9oxg+uvLCXj0=
-58,31,6gKG9lyOM2/4Jo09Oo4GDSEWfAM=,8PgETTpbyJdrJHWzJKfRam2vPTQ=
-55,28,inXMvJHVJXdLhUCEjwyxebWH9wU=,ycgOztb8s48Oody9oxg+uvLCXj0=
-56,27,inXMvJHVJXdLhUCEjwyxebWH9wU=,XsONfk4xw2YLObZEYubXc8hPw1g=
-60,31,6gKG9lyOM2/4Jo09Oo4GDSEWfAM=,8PgETTpbyJdrJHWzJKfRam2vPTQ=
-56,28,inXMvJHVJXdLhUCEjwyxebWH9wU=,ycgOztb8s48Oody9oxg+uvLCXj0=
-54,27,inXMvJHVJXdLhUCEjwyxebWH9wU=,XsONfk4xw2YLObZEYubXc8hPw1g=
-56,30,inXMvJHVJXdLhUCEjwyxebWH9wU=,ycgOztb8s48Oody9oxg+uvLCXj0=
-63,31,6gKG9lyOM2/4Jo09Oo4GDSEWfAM=,ZkS01+yYyRKmualWEKYYvPiuST8=
-57,28,inXMvJHVJXdLhUCEjwyxebWH9wU=,8PgETTpbyJdrJHWzJKfRam2vPTQ=
-61,31,6gKG9lyOM2/4Jo09Oo4GDSEWfAM=,ZkS01+yYyRKmualWEKYYvPiuST8=
-54,30,inXMvJHVJXdLhUCEjwyxebWH9wU=,ycgOztb8s48Oody9oxg+uvLCXj0=
-62,31,6gKG9lyOM2/4Jo09Oo4GDSEWfAM=,ZkS01+yYyRKmualWEKYYvPiuST8=
-55,30,inXMvJHVJXdLhUCEjwyxebWH9wU=,ycgOztb8s48Oody9oxg+uvLCXj0=
-49,23,6gKG9lyOM2/4Jo09Oo4GDSEWfAM=,SGPoYQwMXpd2NzuNLyfcRUThXzM=
-55,27,inXMvJHVJXdLhUCEjwyxebWH9wU=,XsONfk4xw2YLObZEYubXc8hPw1g=
-57,27,inXMvJHVJXdLhUCEjwyxebWH9wU=,Z58ERQuFf4qSs0QFBTZSKc/oLZw=
-49,21,inXMvJHVJXdLhUCEjwyxebWH9wU=,SGPoYQwMXpd2NzuNLyfcRUThXzM=
-49,17,6gKG9lyOM2/4Jo09Oo4GDSEWfAM=,ytU8jPSav0dLckhCmpnizqVFfHc=
-49,19,6gKG9lyOM2/4Jo09Oo4GDSEWfAM=,ytU8jPSav0dLckhCmpnizqVFfHc=
-57,31,6gKG9lyOM2/4Jo09Oo4GDSEWfAM=,8PgETTpbyJdrJHWzJKfRam2vPTQ=
-49,24,6gKG9lyOM2/4Jo09Oo4GDSEWfAM=,gYbh/3Cn0QzDVkrMMZRMRzr6A0U=
-49,18,6gKG9lyOM2/4Jo09Oo4GDSEWfAM=,ytU8jPSav0dLckhCmpnizqVFfHc=
-49,20,6gKG9lyOM2/4Jo09Oo4GDSEWfAM=,SGPoYQwMXpd2NzuNLyfcRUThXzM=
-56,31,6gKG9lyOM2/4Jo09Oo4GDSEWfAM=,ycgOztb8s48Oody9oxg+uvLCXj0=
-49,22,inXMvJHVJXdLhUCEjwyxebWH9wU=,SGPoYQwMXpd2NzuNLyfcRUThXzM=
-51,16,6gKG9lyOM2/4Jo09Oo4GDSEWfAM=,ytU8jPSav0dLckhCmpnizqVFfHc=
-55,16,6gKG9lyOM2/4Jo09Oo4GDSEWfAM=,+9yJXUVm8pzRIsb2CX0NS74yrnk=
-55,31,6gKG9lyOM2/4Jo09Oo4GDSEWfAM=,ycgOztb8s48Oody9oxg+uvLCXj0=
-50,16,6gKG9lyOM2/4Jo09Oo4GDSEWfAM=,ytU8jPSav0dLckhCmpnizqVFfHc=
-54,16,6gKG9lyOM2/4Jo09Oo4GDSEWfAM=,+9yJXUVm8pzRIsb2CX0NS74yrnk=
-53,16,6gKG9lyOM2/4Jo09Oo4GDSEWfAM=,+9yJXUVm8pzRIsb2CX0NS74yrnk=
-52,16,6gKG9lyOM2/4Jo09Oo4GDSEWfAM=,ytU8jPSav0dLckhCmpnizqVFfHc=
-64,21,6gKG9lyOM2/4Jo09Oo4GDSEWfAM=,/82RcyA9Sc5uupCz+Z9cF4/mZRg=
-64,22,6gKG9lyOM2/4Jo09Oo4GDSEWfAM=,/82RcyA9Sc5uupCz+Z9cF4/mZRg=
-52,31,6gKG9lyOM2/4Jo09Oo4GDSEWfAM=,RvuwzBvv1tsI3ulVVDH7gQfLi0g=
-52,27,inXMvJHVJXdLhUCEjwyxebWH9wU=,gYbh/3Cn0QzDVkrMMZRMRzr6A0U=
-54,31,6gKG9lyOM2/4Jo09Oo4GDSEWfAM=,ycgOztb8s48Oody9oxg+uvLCXj0=
-51,31,6gKG9lyOM2/4Jo09Oo4GDSEWfAM=,RvuwzBvv1tsI3ulVVDH7gQfLi0g=
-51,27,inXMvJHVJXdLhUCEjwyxebWH9wU=,gYbh/3Cn0QzDVkrMMZRMRzr6A0U=
-50,31,6gKG9lyOM2/4Jo09Oo4GDSEWfAM=,RvuwzBvv1tsI3ulVVDH7gQfLi0g=
-64,23,6gKG9lyOM2/4Jo09Oo4GDSEWfAM=,/82RcyA9Sc5uupCz+Z9cF4/mZRg=
-50,27,inXMvJHVJXdLhUCEjwyxebWH9wU=,gYbh/3Cn0QzDVkrMMZRMRzr6A0U=
-64,26,6gKG9lyOM2/4Jo09Oo4GDSEWfAM=,GzHf8Dk7jXIgj63Uriy62aZ13CU=
-52,28,inXMvJHVJXdLhUCEjwyxebWH9wU=,RvuwzBvv1tsI3ulVVDH7gQfLi0g=
-64,24,6gKG9lyOM2/4Jo09Oo4GDSEWfAM=,GzHf8Dk7jXIgj63Uriy62aZ13CU=
-51,28,inXMvJHVJXdLhUCEjwyxebWH9wU=,RvuwzBvv1tsI3ulVVDH7gQfLi0g=
-64,25,6gKG9lyOM2/4Jo09Oo4GDSEWfAM=,GzHf8Dk7jXIgj63Uriy62aZ13CU=
-53,29,inXMvJHVJXdLhUCEjwyxebWH9wU=,ycgOztb8s48Oody9oxg+uvLCXj0=
-49,27,6gKG9lyOM2/4Jo09Oo4GDSEWfAM=,gYbh/3Cn0QzDVkrMMZRMRzr6A0U=
-64,28,6gKG9lyOM2/4Jo09Oo4GDSEWfAM=,ZkS01+yYyRKmualWEKYYvPiuST8=
-64,30,6gKG9lyOM2/4Jo09Oo4GDSEWfAM=,ZkS01+yYyRKmualWEKYYvPiuST8=
-53,27,inXMvJHVJXdLhUCEjwyxebWH9wU=,XsONfk4xw2YLObZEYubXc8hPw1g=
-53,30,inXMvJHVJXdLhUCEjwyxebWH9wU=,ycgOztb8s48Oody9oxg+uvLCXj0=
-64,29,6gKG9lyOM2/4Jo09Oo4GDSEWfAM=,ZkS01+yYyRKmualWEKYYvPiuST8=
-64,27,6gKG9lyOM2/4Jo09Oo4GDSEWfAM=,GzHf8Dk7jXIgj63Uriy62aZ13CU=
-49,16,6gKG9lyOM2/4Jo09Oo4GDSEWfAM=,ytU8jPSav0dLckhCmpnizqVFfHc=
-64,31,6gKG9lyOM2/4Jo09Oo4GDSEWfAM=,ZkS01+yYyRKmualWEKYYvPiuST8=
-49,30,6gKG9lyOM2/4Jo09Oo4GDSEWfAM=,RvuwzBvv1tsI3ulVVDH7gQfLi0g=
-50,30,inXMvJHVJXdLhUCEjwyxebWH9wU=,RvuwzBvv1tsI3ulVVDH7gQfLi0g=
-51,30,inXMvJHVJXdLhUCEjwyxebWH9wU=,RvuwzBvv1tsI3ulVVDH7gQfLi0g=
-53,28,inXMvJHVJXdLhUCEjwyxebWH9wU=,ycgOztb8s48Oody9oxg+uvLCXj0=
-56,17,inXMvJHVJXdLhUCEjwyxebWH9wU=,+9yJXUVm8pzRIsb2CX0NS74yrnk=
-49,31,6gKG9lyOM2/4Jo09Oo4GDSEWfAM=,RvuwzBvv1tsI3ulVVDH7gQfLi0g=
-57,16,6gKG9lyOM2/4Jo09Oo4GDSEWfAM=,vMjJhvHkXtnqzATZWOyXI9H5tVE=
-59,20,inXMvJHVJXdLhUCEjwyxebWH9wU=,rir/c8Mo9ARrnpP3KBOtf1544Rw=
-58,16,inXMvJHVJXdLhUCEjwyxebWH9wU=,vMjJhvHkXtnqzATZWOyXI9H5tVE=
-57,18,6gKG9lyOM2/4Jo09Oo4GDSEWfAM=,vMjJhvHkXtnqzATZWOyXI9H5tVE=
-59,18,inXMvJHVJXdLhUCEjwyxebWH9wU=,vMjJhvHkXtnqzATZWOyXI9H5tVE=
-59,16,inXMvJHVJXdLhUCEjwyxebWH9wU=,vMjJhvHkXtnqzATZWOyXI9H5tVE=
-58,18,inXMvJHVJXdLhUCEjwyxebWH9wU=,vMjJhvHkXtnqzATZWOyXI9H5tVE=
-52,30,inXMvJHVJXdLhUCEjwyxebWH9wU=,RvuwzBvv1tsI3ulVVDH7gQfLi0g=
-51,29,inXMvJHVJXdLhUCEjwyxebWH9wU=,RvuwzBvv1tsI3ulVVDH7gQfLi0g=
-49,29,6gKG9lyOM2/4Jo09Oo4GDSEWfAM=,RvuwzBvv1tsI3ulVVDH7gQfLi0g=
-52,29,inXMvJHVJXdLhUCEjwyxebWH9wU=,RvuwzBvv1tsI3ulVVDH7gQfLi0g=
-50,29,inXMvJHVJXdLhUCEjwyxebWH9wU=,RvuwzBvv1tsI3ulVVDH7gQfLi0g=
-50,28,inXMvJHVJXdLhUCEjwyxebWH9wU=,RvuwzBvv1tsI3ulVVDH7gQfLi0g=
-56,16,6gKG9lyOM2/4Jo09Oo4GDSEWfAM=,+9yJXUVm8pzRIsb2CX0NS74yrnk=
-56,20,6gKG9lyOM2/4Jo09Oo4GDSEWfAM=,c2nIQzumVhd8/0DUVAf5eSdz9Ko=
-57,17,6gKG9lyOM2/4Jo09Oo4GDSEWfAM=,vMjJhvHkXtnqzATZWOyXI9H5tVE=
-53,31,6gKG9lyOM2/4Jo09Oo4GDSEWfAM=,ycgOztb8s48Oody9oxg+uvLCXj0=
-59,17,inXMvJHVJXdLhUCEjwyxebWH9wU=,vMjJhvHkXtnqzATZWOyXI9H5tVE=
-56,18,6gKG9lyOM2/4Jo09Oo4GDSEWfAM=,+9yJXUVm8pzRIsb2CX0NS74yrnk=
-59,19,inXMvJHVJXdLhUCEjwyxebWH9wU=,vMjJhvHkXtnqzATZWOyXI9H5tVE=
-57,19,6gKG9lyOM2/4Jo09Oo4GDSEWfAM=,vMjJhvHkXtnqzATZWOyXI9H5tVE=
-57,20,6gKG9lyOM2/4Jo09Oo4GDSEWfAM=,rir/c8Mo9ARrnpP3KBOtf1544Rw=
-58,19,inXMvJHVJXdLhUCEjwyxebWH9wU=,vMjJhvHkXtnqzATZWOyXI9H5tVE=
-49,28,6gKG9lyOM2/4Jo09Oo4GDSEWfAM=,RvuwzBvv1tsI3ulVVDH7gQfLi0g=
-56,19,6gKG9lyOM2/4Jo09Oo4GDSEWfAM=,+9yJXUVm8pzRIsb2CX0NS74yrnk=
-61,20,inXMvJHVJXdLhUCEjwyxebWH9wU=,/82RcyA9Sc5uupCz+Z9cF4/mZRg=
-62,20,inXMvJHVJXdLhUCEjwyxebWH9wU=,/82RcyA9Sc5uupCz+Z9cF4/mZRg=
-62,16,inXMvJHVJXdLhUCEjwyxebWH9wU=,vVIIOUpvig4XvoAq+4sh18lPaww=
-61,19,inXMvJHVJXdLhUCEjwyxebWH9wU=,vVIIOUpvig4XvoAq+4sh18lPaww=
-63,18,inXMvJHVJXdLhUCEjwyxebWH9wU=,vVIIOUpvig4XvoAq+4sh18lPaww=
-64,17,6gKG9lyOM2/4Jo09Oo4GDSEWfAM=,vVIIOUpvig4XvoAq+4sh18lPaww=
-58,17,inXMvJHVJXdLhUCEjwyxebWH9wU=,vMjJhvHkXtnqzATZWOyXI9H5tVE=
-58,20,inXMvJHVJXdLhUCEjwyxebWH9wU=,rir/c8Mo9ARrnpP3KBOtf1544Rw=
-63,20,inXMvJHVJXdLhUCEjwyxebWH9wU=,/82RcyA9Sc5uupCz+Z9cF4/mZRg=
-60,16,inXMvJHVJXdLhUCEjwyxebWH9wU=,vMjJhvHkXtnqzATZWOyXI9H5tVE=
-62,19,inXMvJHVJXdLhUCEjwyxebWH9wU=,vVIIOUpvig4XvoAq+4sh18lPaww=
-63,19,inXMvJHVJXdLhUCEjwyxebWH9wU=,vVIIOUpvig4XvoAq+4sh18lPaww=
-60,19,inXMvJHVJXdLhUCEjwyxebWH9wU=,vMjJhvHkXtnqzATZWOyXI9H5tVE=
-63,16,inXMvJHVJXdLhUCEjwyxebWH9wU=,vVIIOUpvig4XvoAq+4sh18lPaww=
-60,18,inXMvJHVJXdLhUCEjwyxebWH9wU=,vMjJhvHkXtnqzATZWOyXI9H5tVE=
-61,18,inXMvJHVJXdLhUCEjwyxebWH9wU=,vVIIOUpvig4XvoAq+4sh18lPaww=
-64,19,6gKG9lyOM2/4Jo09Oo4GDSEWfAM=,vVIIOUpvig4XvoAq+4sh18lPaww=
-61,16,inXMvJHVJXdLhUCEjwyxebWH9wU=,vVIIOUpvig4XvoAq+4sh18lPaww=
-64,18,6gKG9lyOM2/4Jo09Oo4GDSEWfAM=,vVIIOUpvig4XvoAq+4sh18lPaww=
-61,17,inXMvJHVJXdLhUCEjwyxebWH9wU=,vVIIOUpvig4XvoAq+4sh18lPaww=
-60,17,inXMvJHVJXdLhUCEjwyxebWH9wU=,vMjJhvHkXtnqzATZWOyXI9H5tVE=
-62,17,inXMvJHVJXdLhUCEjwyxebWH9wU=,vVIIOUpvig4XvoAq+4sh18lPaww=
-62,18,inXMvJHVJXdLhUCEjwyxebWH9wU=,vVIIOUpvig4XvoAq+4sh18lPaww=
-64,16,6gKG9lyOM2/4Jo09Oo4GDSEWfAM=,vVIIOUpvig4XvoAq+4sh18lPaww=
-63,17,inXMvJHVJXdLhUCEjwyxebWH9wU=,vVIIOUpvig4XvoAq+4sh18lPaww=
-60,20,inXMvJHVJXdLhUCEjwyxebWH9wU=,rir/c8Mo9ARrnpP3KBOtf1544Rw=
-64,20,6gKG9lyOM2/4Jo09Oo4GDSEWfAM=,/82RcyA9Sc5uupCz+Z9cF4/mZRg=
