1,-3,CLOjqqctEWomC1u7PSnAc3YDmmk=,uP1Zydad5fT47IpEPlYjhP0cFMg=
4,-3,CLOjqqctEWomC1u7PSnAc3YDmmk=,kzrSKNU+PQMNoxcd7V6lZhjQnqk=
5,-3,CLOjqqctEWomC1u7PSnAc3YDmmk=,kzrSKNU+PQMNoxcd7V6lZhjQnqk=
3,-2,CLOjqqctEWomC1u7PSnAc3YDmmk=,uP1Zydad5fT47IpEPlYjhP0cFMg=
3,-3,CLOjqqctEWomC1u7PSnAc3YDmmk=,uP1Zydad5fT47IpEPlYjhP0cFMg=
2,-2,CLOjqqctEWomC1u7PSnAc3YDmmk=,uP1Zydad5fT47IpEPlYjhP0cFMg=
2,-3,CLOjqqctEWomC1u7PSnAc3YDmmk=,uP1Zydad5fT47IpEPlYjhP0cFMg=
6,-3,CLOjqqctEWomC1u7PSnAc3YDmmk=,kzrSKNU+PQMNoxcd7V6lZhjQnqk=
6,-2,CLOjqqctEWomC1u7PSnAc3YDmmk=,kzrSKNU+PQMNoxcd7V6lZhjQnqk=
1,-2,CLOjqqctEWomC1u7PSnAc3YDmmk=,uP1Zydad5fT47IpEPlYjhP0cFMg=
5,-7,CLOjqqctEWomC1u7PSnAc3YDmmk=,f7ihV4Gqb/J6tp4Q+wR2YWEGvuw=
4,-2,CLOjqqctEWomC1u7PSnAc3YDmmk=,kzrSKNU+PQMNoxcd7V6lZhjQnqk=
5,-2,CLOjqqctEWomC1u7PSnAc3YDmmk=,kzrSKNU+PQMNoxcd7V6lZhjQnqk=
6,-7,CLOjqqctEWomC1u7PSnAc3YDmmk=,f7ihV4Gqb/J6tp4Q+wR2YWEGvuw=
5,-5,CLOjqqctEWomC1u7PSnAc3YDmmk=,f7ihV4Gqb/J6tp4Q+wR2YWEGvuw=
6,-5,CLOjqqctEWomC1u7PSnAc3YDmmk=,f7ihV4Gqb/J6tp4Q+wR2YWEGvuw=
5,-6,WMX2CCWO1bbqBwzbm8u681vZrIE=,f7ihV4Gqb/J6tp4Q+wR2YWEGvuw=
6,-6,WMX2CCWO1bbqBwzbm8u681vZrIE=,f7ihV4Gqb/J6tp4Q+wR2YWEGvuw=
5,-4,WMX2CCWO1bbqBwzbm8u681vZrIE=,kzrSKNU+PQMNoxcd7V6lZhjQnqk=
6,-4,WMX2CCWO1bbqBwzbm8u681vZrIE=,kzrSKNU+PQMNoxcd7V6lZhjQnqk=
4,-7,CLOjqqctEWomC1u7PSnAc3YDmmk=,f7ihV4Gqb/J6tp4Q+wR2YWEGvuw=
4,-5,CLOjqqctEWomC1u7PSnAc3YDmmk=,f7ihV4Gqb/J6tp4Q+wR2YWEGvuw=
1,-5,CLOjqqctEWomC1u7PSnAc3YDmmk=,zI/FqsvNP4pKslA77460jYF7hmw=
1,-7,CLOjqqctEWomC1u7PSnAc3YDmmk=,zI/FqsvNP4pKslA77460jYF7hmw=
2,-7,CLOjqqctEWomC1u7PSnAc3YDmmk=,zI/FqsvNP4pKslA77460jYF7hmw=
13,-7,CLOjqqctEWomC1u7PSnAc3YDmmk=,4t6ROI92l/YgMEEcIQcYyUgwrxY=
13,-6,CLOjqqctEWomC1u7PSnAc3YDmmk=,4t6ROI92l/YgMEEcIQcYyUgwrxY=
14,-6,CLOjqqctEWomC1u7PSnAc3YDmmk=,4t6ROI92l/YgMEEcIQcYyUgwrxY=
14,-7,CLOjqqctEWomC1u7PSnAc3YDmmk=,4t6ROI92l/YgMEEcIQcYyUgwrxY=
3,-4,CLOjqqctEWomC1u7PSnAc3YDmmk=,uP1Zydad5fT47IpEPlYjhP0cFMg=
14,-4,WMX2CCWO1bbqBwzbm8u681vZrIE=,f6c4OurJSRgR6h89265Ex8SNe3Q=
14,-2,WMX2CCWO1bbqBwzbm8u681vZrIE=,f6c4OurJSRgR6h89265Ex8SNe3Q=
2,-5,CLOjqqctEWomC1u7PSnAc3YDmmk=,zI/FqsvNP4pKslA77460jYF7hmw=
14,-3,WMX2CCWO1bbqBwzbm8u681vZrIE=,f6c4OurJSRgR6h89265Ex8SNe3Q=
2,-4,CLOjqqctEWomC1u7PSnAc3YDmmk=,uP1Zydad5fT47IpEPlYjhP0cFMg=
13,-5,WMX2CCWO1bbqBwzbm8u681vZrIE=,4t6ROI92l/YgMEEcIQcYyUgwrxY=
14,-5,WMX2CCWO1bbqBwzbm8u681vZrIE=,4t6ROI92l/YgMEEcIQcYyUgwrxY=
4,-6,CLOjqqctEWomC1u7PSnAc3YDmmk=,f7ihV4Gqb/J6tp4Q+wR2YWEGvuw=
3,-6,CLOjqqctEWomC1u7PSnAc3YDmmk=,zI/FqsvNP4pKslA77460jYF7hmw=
4,-4,CLOjqqctEWomC1u7PSnAc3YDmmk=,kzrSKNU+PQMNoxcd7V6lZhjQnqk=
13,-2,WMX2CCWO1bbqBwzbm8u681vZrIE=,f6c4OurJSRgR6h89265Ex8SNe3Q=
13,-4,WMX2CCWO1bbqBwzbm8u681vZrIE=,f6c4OurJSRgR6h89265Ex8SNe3Q=
13,-3,WMX2CCWO1bbqBwzbm8u681vZrIE=,f6c4OurJSRgR6h89265Ex8SNe3Q=
2,-6,CLOjqqctEWomC1u7PSnAc3YDmmk=,zI/FqsvNP4pKslA77460jYF7hmw=
1,-4,CLOjqqctEWomC1u7PSnAc3YDmmk=,uP1Zydad5fT47IpEPlYjhP0cFMg=
1,-6,CLOjqqctEWomC1u7PSnAc3YDmmk=,zI/FqsvNP4pKslA77460jYF7hmw=
11,-2,WMX2CCWO1bbqBwzbm8u681vZrIE=,RMj44Ttar1y+XPKWKcLbrVCv9y4=
7,-3,WMX2CCWO1bbqBwzbm8u681vZrIE=,kzrSKNU+PQMNoxcd7V6lZhjQnqk=
10,-2,WMX2CCWO1bbqBwzbm8u681vZrIE=,RMj44Ttar1y+XPKWKcLbrVCv9y4=
3,-7,CLOjqqctEWomC1u7PSnAc3YDmmk=,zI/FqsvNP4pKslA77460jYF7hmw=
3,-5,CLOjqqctEWomC1u7PSnAc3YDmmk=,zI/FqsvNP4pKslA77460jYF7hmw=
8,-3,WMX2CCWO1bbqBwzbm8u681vZrIE=,RMj44Ttar1y+XPKWKcLbrVCv9y4=
12,-3,WMX2CCWO1bbqBwzbm8u681vZrIE=,f6c4OurJSRgR6h89265Ex8SNe3Q=
9,-3,WMX2CCWO1bbqBwzbm8u681vZrIE=,RMj44Ttar1y+XPKWKcLbrVCv9y4=
10,-3,WMX2CCWO1bbqBwzbm8u681vZrIE=,RMj44Ttar1y+XPKWKcLbrVCv9y4=
11,-3,WMX2CCWO1bbqBwzbm8u681vZrIE=,RMj44Ttar1y+XPKWKcLbrVCv9y4=
12,-2,WMX2CCWO1bbqBwzbm8u681vZrIE=,f6c4OurJSRgR6h89265Ex8SNe3Q=
7,-2,WMX2CCWO1bbqBwzbm8u681vZrIE=,kzrSKNU+PQMNoxcd7V6lZhjQnqk=
8,-2,WMX2CCWO1bbqBwzbm8u681vZrIE=,RMj44Ttar1y+XPKWKcLbrVCv9y4=
9,-2,WMX2CCWO1bbqBwzbm8u681vZrIE=,RMj44Ttar1y+XPKWKcLbrVCv9y4=
9,-14,WMX2CCWO1bbqBwzbm8u681vZrIE=,GvtYbDxlrtfPUwIJCxYjlnr25ug=
12,-5,WMX2CCWO1bbqBwzbm8u681vZrIE=,4t6ROI92l/YgMEEcIQcYyUgwrxY=
11,-5,WMX2CCWO1bbqBwzbm8u681vZrIE=,kW3xaiKMa7QJ8AVVDvbZ/+ospG4=
8,-4,WMX2CCWO1bbqBwzbm8u681vZrIE=,RMj44Ttar1y+XPKWKcLbrVCv9y4=
10,-14,WMX2CCWO1bbqBwzbm8u681vZrIE=,GvtYbDxlrtfPUwIJCxYjlnr25ug=
7,-4,WMX2CCWO1bbqBwzbm8u681vZrIE=,kzrSKNU+PQMNoxcd7V6lZhjQnqk=
9,-4,WMX2CCWO1bbqBwzbm8u681vZrIE=,RMj44Ttar1y+XPKWKcLbrVCv9y4=
9,-15,WMX2CCWO1bbqBwzbm8u681vZrIE=,GvtYbDxlrtfPUwIJCxYjlnr25ug=
10,-15,WMX2CCWO1bbqBwzbm8u681vZrIE=,GvtYbDxlrtfPUwIJCxYjlnr25ug=
8,-7,WMX2CCWO1bbqBwzbm8u681vZrIE=,kW3xaiKMa7QJ8AVVDvbZ/+ospG4=
10,-4,WMX2CCWO1bbqBwzbm8u681vZrIE=,RMj44Ttar1y+XPKWKcLbrVCv9y4=
9,-7,WMX2CCWO1bbqBwzbm8u681vZrIE=,kW3xaiKMa7QJ8AVVDvbZ/+ospG4=
10,-7,WMX2CCWO1bbqBwzbm8u681vZrIE=,kW3xaiKMa7QJ8AVVDvbZ/+ospG4=
11,-7,WMX2CCWO1bbqBwzbm8u681vZrIE=,kW3xaiKMa7QJ8AVVDvbZ/+ospG4=
8,-6,WMX2CCWO1bbqBwzbm8u681vZrIE=,kW3xaiKMa7QJ8AVVDvbZ/+ospG4=
11,-4,WMX2CCWO1bbqBwzbm8u681vZrIE=,RMj44Ttar1y+XPKWKcLbrVCv9y4=
7,-6,WMX2CCWO1bbqBwzbm8u681vZrIE=,f7ihV4Gqb/J6tp4Q+wR2YWEGvuw=
10,-5,WMX2CCWO1bbqBwzbm8u681vZrIE=,kW3xaiKMa7QJ8AVVDvbZ/+ospG4=
12,-7,WMX2CCWO1bbqBwzbm8u681vZrIE=,4t6ROI92l/YgMEEcIQcYyUgwrxY=
11,-6,WMX2CCWO1bbqBwzbm8u681vZrIE=,kW3xaiKMa7QJ8AVVDvbZ/+ospG4=
8,-5,WMX2CCWO1bbqBwzbm8u681vZrIE=,kW3xaiKMa7QJ8AVVDvbZ/+ospG4=
9,-5,WMX2CCWO1bbqBwzbm8u681vZrIE=,kW3xaiKMa7QJ8AVVDvbZ/+ospG4=
10,-6,WMX2CCWO1bbqBwzbm8u681vZrIE=,kW3xaiKMa7QJ8AVVDvbZ/+ospG4=
14,-8,WMX2CCWO1bbqBwzbm8u681vZrIE=,4t6ROI92l/YgMEEcIQcYyUgwrxY=
13,-9,WMX2CCWO1bbqBwzbm8u681vZrIE=,cm0/VT8n81X+ymJbwEMO/vGELgE=
14,-9,WMX2CCWO1bbqBwzbm8u681vZrIE=,cm0/VT8n81X+ymJbwEMO/vGELgE=
13,-10,WMX2CCWO1bbqBwzbm8u681vZrIE=,cm0/VT8n81X+ymJbwEMO/vGELgE=
14,-10,WMX2CCWO1bbqBwzbm8u681vZrIE=,cm0/VT8n81X+ymJbwEMO/vGELgE=
13,-11,WMX2CCWO1bbqBwzbm8u681vZrIE=,cm0/VT8n81X+ymJbwEMO/vGELgE=
13,-8,WMX2CCWO1bbqBwzbm8u681vZrIE=,4t6ROI92l/YgMEEcIQcYyUgwrxY=
14,-11,WMX2CCWO1bbqBwzbm8u681vZrIE=,cm0/VT8n81X+ymJbwEMO/vGELgE=
12,-4,WMX2CCWO1bbqBwzbm8u681vZrIE=,f6c4OurJSRgR6h89265Ex8SNe3Q=
7,-7,WMX2CCWO1bbqBwzbm8u681vZrIE=,f7ihV4Gqb/J6tp4Q+wR2YWEGvuw=
10,-12,WMX2CCWO1bbqBwzbm8u681vZrIE=,Dur4999lYz3QSn9o68AQvJFB8nI=
12,-6,WMX2CCWO1bbqBwzbm8u681vZrIE=,4t6ROI92l/YgMEEcIQcYyUgwrxY=
9,-8,WMX2CCWO1bbqBwzbm8u681vZrIE=,kW3xaiKMa7QJ8AVVDvbZ/+ospG4=
9,-6,WMX2CCWO1bbqBwzbm8u681vZrIE=,kW3xaiKMa7QJ8AVVDvbZ/+ospG4=
7,-5,WMX2CCWO1bbqBwzbm8u681vZrIE=,f7ihV4Gqb/J6tp4Q+wR2YWEGvuw=
10,-8,WMX2CCWO1bbqBwzbm8u681vZrIE=,kW3xaiKMa7QJ8AVVDvbZ/+ospG4=
11,-8,WMX2CCWO1bbqBwzbm8u681vZrIE=,kW3xaiKMa7QJ8AVVDvbZ/+ospG4=
9,-11,WMX2CCWO1bbqBwzbm8u681vZrIE=,Dur4999lYz3QSn9o68AQvJFB8nI=
9,-12,WMX2CCWO1bbqBwzbm8u681vZrIE=,Dur4999lYz3QSn9o68AQvJFB8nI=
10,-11,WMX2CCWO1bbqBwzbm8u681vZrIE=,Dur4999lYz3QSn9o68AQvJFB8nI=
9,-13,WMX2CCWO1bbqBwzbm8u681vZrIE=,GvtYbDxlrtfPUwIJCxYjlnr25ug=
11,-11,WMX2CCWO1bbqBwzbm8u681vZrIE=,Dur4999lYz3QSn9o68AQvJFB8nI=
8,-8,WMX2CCWO1bbqBwzbm8u681vZrIE=,kW3xaiKMa7QJ8AVVDvbZ/+ospG4=
8,-11,WMX2CCWO1bbqBwzbm8u681vZrIE=,Dur4999lYz3QSn9o68AQvJFB8nI=
9,-10,WMX2CCWO1bbqBwzbm8u681vZrIE=,Dur4999lYz3QSn9o68AQvJFB8nI=
10,-10,WMX2CCWO1bbqBwzbm8u681vZrIE=,Dur4999lYz3QSn9o68AQvJFB8nI=
5,-11,WMX2CCWO1bbqBwzbm8u681vZrIE=,DmNOMuBZxkT8GXglaklF5Emdszo=
10,-13,WMX2CCWO1bbqBwzbm8u681vZrIE=,GvtYbDxlrtfPUwIJCxYjlnr25ug=
12,-11,WMX2CCWO1bbqBwzbm8u681vZrIE=,cm0/VT8n81X+ymJbwEMO/vGELgE=
11,-10,WMX2CCWO1bbqBwzbm8u681vZrIE=,Dur4999lYz3QSn9o68AQvJFB8nI=
8,-10,WMX2CCWO1bbqBwzbm8u681vZrIE=,Dur4999lYz3QSn9o68AQvJFB8nI=
9,-9,WMX2CCWO1bbqBwzbm8u681vZrIE=,Dur4999lYz3QSn9o68AQvJFB8nI=
6,-11,WMX2CCWO1bbqBwzbm8u681vZrIE=,DmNOMuBZxkT8GXglaklF5Emdszo=
8,-9,WMX2CCWO1bbqBwzbm8u681vZrIE=,Dur4999lYz3QSn9o68AQvJFB8nI=
10,-9,WMX2CCWO1bbqBwzbm8u681vZrIE=,Dur4999lYz3QSn9o68AQvJFB8nI=
7,-11,WMX2CCWO1bbqBwzbm8u681vZrIE=,DmNOMuBZxkT8GXglaklF5Emdszo=
12,-8,WMX2CCWO1bbqBwzbm8u681vZrIE=,4t6ROI92l/YgMEEcIQcYyUgwrxY=
11,-9,WMX2CCWO1bbqBwzbm8u681vZrIE=,Dur4999lYz3QSn9o68AQvJFB8nI=
12,-9,WMX2CCWO1bbqBwzbm8u681vZrIE=,cm0/VT8n81X+ymJbwEMO/vGELgE=
12,-10,WMX2CCWO1bbqBwzbm8u681vZrIE=,cm0/VT8n81X+ymJbwEMO/vGELgE=
5,-8,WMX2CCWO1bbqBwzbm8u681vZrIE=,f7ihV4Gqb/J6tp4Q+wR2YWEGvuw=
6,-8,WMX2CCWO1bbqBwzbm8u681vZrIE=,f7ihV4Gqb/J6tp4Q+wR2YWEGvuw=
7,-9,WMX2CCWO1bbqBwzbm8u681vZrIE=,DmNOMuBZxkT8GXglaklF5Emdszo=
7,-8,WMX2CCWO1bbqBwzbm8u681vZrIE=,f7ihV4Gqb/J6tp4Q+wR2YWEGvuw=
5,-9,WMX2CCWO1bbqBwzbm8u681vZrIE=,DmNOMuBZxkT8GXglaklF5Emdszo=
1,-11,WMX2CCWO1bbqBwzbm8u681vZrIE=,mvp2Xi8FVwD/vTNfsxvcXMwn86U=
7,-10,WMX2CCWO1bbqBwzbm8u681vZrIE=,DmNOMuBZxkT8GXglaklF5Emdszo=
6,-9,WMX2CCWO1bbqBwzbm8u681vZrIE=,DmNOMuBZxkT8GXglaklF5Emdszo=
6,-10,WMX2CCWO1bbqBwzbm8u681vZrIE=,DmNOMuBZxkT8GXglaklF5Emdszo=
5,-10,WMX2CCWO1bbqBwzbm8u681vZrIE=,DmNOMuBZxkT8GXglaklF5Emdszo=
2,-11,WMX2CCWO1bbqBwzbm8u681vZrIE=,mvp2Xi8FVwD/vTNfsxvcXMwn86U=
3,-8,WMX2CCWO1bbqBwzbm8u681vZrIE=,zI/FqsvNP4pKslA77460jYF7hmw=
2,-8,WMX2CCWO1bbqBwzbm8u681vZrIE=,zI/FqsvNP4pKslA77460jYF7hmw=
3,-11,WMX2CCWO1bbqBwzbm8u681vZrIE=,mvp2Xi8FVwD/vTNfsxvcXMwn86U=
1,-8,WMX2CCWO1bbqBwzbm8u681vZrIE=,zI/FqsvNP4pKslA77460jYF7hmw=
1,-10,WMX2CCWO1bbqBwzbm8u681vZrIE=,mvp2Xi8FVwD/vTNfsxvcXMwn86U=
4,-8,WMX2CCWO1bbqBwzbm8u681vZrIE=,f7ihV4Gqb/J6tp4Q+wR2YWEGvuw=
3,-9,WMX2CCWO1bbqBwzbm8u681vZrIE=,mvp2Xi8FVwD/vTNfsxvcXMwn86U=
9,-16,WMX2CCWO1bbqBwzbm8u681vZrIE=,GvtYbDxlrtfPUwIJCxYjlnr25ug=
10,-16,WMX2CCWO1bbqBwzbm8u681vZrIE=,GvtYbDxlrtfPUwIJCxYjlnr25ug=
4,-9,WMX2CCWO1bbqBwzbm8u681vZrIE=,DmNOMuBZxkT8GXglaklF5Emdszo=
1,-9,WMX2CCWO1bbqBwzbm8u681vZrIE=,mvp2Xi8FVwD/vTNfsxvcXMwn86U=
4,-10,WMX2CCWO1bbqBwzbm8u681vZrIE=,DmNOMuBZxkT8GXglaklF5Emdszo=
3,-10,WMX2CCWO1bbqBwzbm8u681vZrIE=,mvp2Xi8FVwD/vTNfsxvcXMwn86U=
4,-11,WMX2CCWO1bbqBwzbm8u681vZrIE=,DmNOMuBZxkT8GXglaklF5Emdszo=
0,-11,WMX2CCWO1bbqBwzbm8u681vZrIE=,mvp2Xi8FVwD/vTNfsxvcXMwn86U=
2,-10,WMX2CCWO1bbqBwzbm8u681vZrIE=,mvp2Xi8FVwD/vTNfsxvcXMwn86U=
0,-7,WMX2CCWO1bbqBwzbm8u681vZrIE=,zI/FqsvNP4pKslA77460jYF7hmw=
0,-10,WMX2CCWO1bbqBwzbm8u681vZrIE=,mvp2Xi8FVwD/vTNfsxvcXMwn86U=
0,-5,WMX2CCWO1bbqBwzbm8u681vZrIE=,zI/FqsvNP4pKslA77460jYF7hmw=
0,-4,WMX2CCWO1bbqBwzbm8u681vZrIE=,uP1Zydad5fT47IpEPlYjhP0cFMg=
0,-9,WMX2CCWO1bbqBwzbm8u681vZrIE=,mvp2Xi8FVwD/vTNfsxvcXMwn86U=
0,-3,WMX2CCWO1bbqBwzbm8u681vZrIE=,uP1Zydad5fT47IpEPlYjhP0cFMg=
0,-2,WMX2CCWO1bbqBwzbm8u681vZrIE=,uP1Zydad5fT47IpEPlYjhP0cFMg=
0,-8,WMX2CCWO1bbqBwzbm8u681vZrIE=,zI/FqsvNP4pKslA77460jYF7hmw=
1,-1,WMX2CCWO1bbqBwzbm8u681vZrIE=,uP1Zydad5fT47IpEPlYjhP0cFMg=
4,-1,WMX2CCWO1bbqBwzbm8u681vZrIE=,kzrSKNU+PQMNoxcd7V6lZhjQnqk=
0,-6,WMX2CCWO1bbqBwzbm8u681vZrIE=,zI/FqsvNP4pKslA77460jYF7hmw=
8,-14,WMX2CCWO1bbqBwzbm8u681vZrIE=,GvtYbDxlrtfPUwIJCxYjlnr25ug=
8,-13,WMX2CCWO1bbqBwzbm8u681vZrIE=,GvtYbDxlrtfPUwIJCxYjlnr25ug=
11,-1,WMX2CCWO1bbqBwzbm8u681vZrIE=,RMj44Ttar1y+XPKWKcLbrVCv9y4=
3,-1,WMX2CCWO1bbqBwzbm8u681vZrIE=,uP1Zydad5fT47IpEPlYjhP0cFMg=
12,-1,WMX2CCWO1bbqBwzbm8u681vZrIE=,f6c4OurJSRgR6h89265Ex8SNe3Q=
14,-1,WMX2CCWO1bbqBwzbm8u681vZrIE=,f6c4OurJSRgR6h89265Ex8SNe3Q=
13,-1,WMX2CCWO1bbqBwzbm8u681vZrIE=,f6c4OurJSRgR6h89265Ex8SNe3Q=
7,-1,WMX2CCWO1bbqBwzbm8u681vZrIE=,kzrSKNU+PQMNoxcd7V6lZhjQnqk=
5,-1,WMX2CCWO1bbqBwzbm8u681vZrIE=,kzrSKNU+PQMNoxcd7V6lZhjQnqk=
15,-10,WMX2CCWO1bbqBwzbm8u681vZrIE=,cm0/VT8n81X+ymJbwEMO/vGELgE=
15,-11,WMX2CCWO1bbqBwzbm8u681vZrIE=,cm0/VT8n81X+ymJbwEMO/vGELgE=
15,-6,WMX2CCWO1bbqBwzbm8u681vZrIE=,4t6ROI92l/YgMEEcIQcYyUgwrxY=
15,-9,WMX2CCWO1bbqBwzbm8u681vZrIE=,cm0/VT8n81X+ymJbwEMO/vGELgE=
15,-8,WMX2CCWO1bbqBwzbm8u681vZrIE=,4t6ROI92l/YgMEEcIQcYyUgwrxY=
15,-3,WMX2CCWO1bbqBwzbm8u681vZrIE=,f6c4OurJSRgR6h89265Ex8SNe3Q=
15,-7,WMX2CCWO1bbqBwzbm8u681vZrIE=,4t6ROI92l/YgMEEcIQcYyUgwrxY=
15,-5,WMX2CCWO1bbqBwzbm8u681vZrIE=,4t6ROI92l/YgMEEcIQcYyUgwrxY=
15,-4,WMX2CCWO1bbqBwzbm8u681vZrIE=,f6c4OurJSRgR6h89265Ex8SNe3Q=
15,-2,WMX2CCWO1bbqBwzbm8u681vZrIE=,f6c4OurJSRgR6h89265Ex8SNe3Q=
5,-15,WMX2CCWO1bbqBwzbm8u681vZrIE=,EOt2OymhWMGOWOtK1qoOxq+awcQ=
8,-16,WMX2CCWO1bbqBwzbm8u681vZrIE=,GvtYbDxlrtfPUwIJCxYjlnr25ug=
6,-1,WMX2CCWO1bbqBwzbm8u681vZrIE=,kzrSKNU+PQMNoxcd7V6lZhjQnqk=
7,-16,WMX2CCWO1bbqBwzbm8u681vZrIE=,EOt2OymhWMGOWOtK1qoOxq+awcQ=
10,-1,WMX2CCWO1bbqBwzbm8u681vZrIE=,RMj44Ttar1y+XPKWKcLbrVCv9y4=
15,-1,WMX2CCWO1bbqBwzbm8u681vZrIE=,f6c4OurJSRgR6h89265Ex8SNe3Q=
6,-15,WMX2CCWO1bbqBwzbm8u681vZrIE=,EOt2OymhWMGOWOtK1qoOxq+awcQ=
8,-1,WMX2CCWO1bbqBwzbm8u681vZrIE=,RMj44Ttar1y+XPKWKcLbrVCv9y4=
6,-16,WMX2CCWO1bbqBwzbm8u681vZrIE=,EOt2OymhWMGOWOtK1qoOxq+awcQ=
9,-1,WMX2CCWO1bbqBwzbm8u681vZrIE=,RMj44Ttar1y+XPKWKcLbrVCv9y4=
15,-13,WMX2CCWO1bbqBwzbm8u681vZrIE=,7GMP1/a+JB7tRawtIXmMN7kuBhc=
12,-16,WMX2CCWO1bbqBwzbm8u681vZrIE=,7GMP1/a+JB7tRawtIXmMN7kuBhc=
7,-15,WMX2CCWO1bbqBwzbm8u681vZrIE=,EOt2OymhWMGOWOtK1qoOxq+awcQ=
8,-15,WMX2CCWO1bbqBwzbm8u681vZrIE=,GvtYbDxlrtfPUwIJCxYjlnr25ug=
14,-13,WMX2CCWO1bbqBwzbm8u681vZrIE=,7GMP1/a+JB7tRawtIXmMN7kuBhc=
14,-12,WMX2CCWO1bbqBwzbm8u681vZrIE=,cm0/VT8n81X+ymJbwEMO/vGELgE=
15,-14,WMX2CCWO1bbqBwzbm8u681vZrIE=,7GMP1/a+JB7tRawtIXmMN7kuBhc=
15,-12,WMX2CCWO1bbqBwzbm8u681vZrIE=,cm0/VT8n81X+ymJbwEMO/vGELgE=
14,-14,WMX2CCWO1bbqBwzbm8u681vZrIE=,7GMP1/a+JB7tRawtIXmMN7kuBhc=
13,-14,WMX2CCWO1bbqBwzbm8u681vZrIE=,7GMP1/a+JB7tRawtIXmMN7kuBhc=
12,-14,WMX2CCWO1bbqBwzbm8u681vZrIE=,7GMP1/a+JB7tRawtIXmMN7kuBhc=
15,-15,WMX2CCWO1bbqBwzbm8u681vZrIE=,7GMP1/a+JB7tRawtIXmMN7kuBhc=
0,-1,WMX2CCWO1bbqBwzbm8u681vZrIE=,uP1Zydad5fT47IpEPlYjhP0cFMg=
13,-13,WMX2CCWO1bbqBwzbm8u681vZrIE=,7GMP1/a+JB7tRawtIXmMN7kuBhc=
7,-12,WMX2CCWO1bbqBwzbm8u681vZrIE=,DmNOMuBZxkT8GXglaklF5Emdszo=
11,-16,WMX2CCWO1bbqBwzbm8u681vZrIE=,GvtYbDxlrtfPUwIJCxYjlnr25ug=
5,-16,WMX2CCWO1bbqBwzbm8u681vZrIE=,EOt2OymhWMGOWOtK1qoOxq+awcQ=
14,-15,WMX2CCWO1bbqBwzbm8u681vZrIE=,7GMP1/a+JB7tRawtIXmMN7kuBhc=
13,-15,WMX2CCWO1bbqBwzbm8u681vZrIE=,7GMP1/a+JB7tRawtIXmMN7kuBhc=
12,-15,WMX2CCWO1bbqBwzbm8u681vZrIE=,7GMP1/a+JB7tRawtIXmMN7kuBhc=
12,-13,WMX2CCWO1bbqBwzbm8u681vZrIE=,7GMP1/a+JB7tRawtIXmMN7kuBhc=
11,-15,WMX2CCWO1bbqBwzbm8u681vZrIE=,GvtYbDxlrtfPUwIJCxYjlnr25ug=
14,-16,WMX2CCWO1bbqBwzbm8u681vZrIE=,7GMP1/a+JB7tRawtIXmMN7kuBhc=
15,-16,WMX2CCWO1bbqBwzbm8u681vZrIE=,7GMP1/a+JB7tRawtIXmMN7kuBhc=
11,-14,WMX2CCWO1bbqBwzbm8u681vZrIE=,GvtYbDxlrtfPUwIJCxYjlnr25ug=
2,-1,WMX2CCWO1bbqBwzbm8u681vZrIE=,uP1Zydad5fT47IpEPlYjhP0cFMg=
13,-16,WMX2CCWO1bbqBwzbm8u681vZrIE=,7GMP1/a+JB7tRawtIXmMN7kuBhc=
8,-12,WMX2CCWO1bbqBwzbm8u681vZrIE=,Dur4999lYz3QSn9o68AQvJFB8nI=
2,-9,WMX2CCWO1bbqBwzbm8u681vZrIE=,mvp2Xi8FVwD/vTNfsxvcXMwn86U=
11,-13,WMX2CCWO1bbqBwzbm8u681vZrIE=,GvtYbDxlrtfPUwIJCxYjlnr25ug=
13,-12,WMX2CCWO1bbqBwzbm8u681vZrIE=,cm0/VT8n81X+ymJbwEMO/vGELgE=
11,-12,WMX2CCWO1bbqBwzbm8u681vZrIE=,Dur4999lYz3QSn9o68AQvJFB8nI=
5,-14,WMX2CCWO1bbqBwzbm8u681vZrIE=,EOt2OymhWMGOWOtK1qoOxq+awcQ=
5,-12,WMX2CCWO1bbqBwzbm8u681vZrIE=,DmNOMuBZxkT8GXglaklF5Emdszo=
6,-12,WMX2CCWO1bbqBwzbm8u681vZrIE=,DmNOMuBZxkT8GXglaklF5Emdszo=
7,-13,WMX2CCWO1bbqBwzbm8u681vZrIE=,EOt2OymhWMGOWOtK1qoOxq+awcQ=
6,-13,WMX2CCWO1bbqBwzbm8u681vZrIE=,EOt2OymhWMGOWOtK1qoOxq+awcQ=
7,-14,WMX2CCWO1bbqBwzbm8u681vZrIE=,EOt2OymhWMGOWOtK1qoOxq+awcQ=
5,-13,WMX2CCWO1bbqBwzbm8u681vZrIE=,EOt2OymhWMGOWOtK1qoOxq+awcQ=
12,-12,WMX2CCWO1bbqBwzbm8u681vZrIE=,cm0/VT8n81X+ymJbwEMO/vGELgE=
6,-14,WMX2CCWO1bbqBwzbm8u681vZrIE=,EOt2OymhWMGOWOtK1qoOxq+awcQ=
2,-12,WMX2CCWO1bbqBwzbm8u681vZrIE=,mvp2Xi8FVwD/vTNfsxvcXMwn86U=
0,-15,WMX2CCWO1bbqBwzbm8u681vZrIE=,4XbCpC/obNHwD1vxml04fjRWJj0=
3,-16,WMX2CCWO1bbqBwzbm8u681vZrIE=,4XbCpC/obNHwD1vxml04fjRWJj0=
4,-16,WMX2CCWO1bbqBwzbm8u681vZrIE=,EOt2OymhWMGOWOtK1qoOxq+awcQ=
3,-12,WMX2CCWO1bbqBwzbm8u681vZrIE=,mvp2Xi8FVwD/vTNfsxvcXMwn86U=
2,-16,WMX2CCWO1bbqBwzbm8u681vZrIE=,4XbCpC/obNHwD1vxml04fjRWJj0=
1,-12,WMX2CCWO1bbqBwzbm8u681vZrIE=,mvp2Xi8FVwD/vTNfsxvcXMwn86U=
0,-12,WMX2CCWO1bbqBwzbm8u681vZrIE=,mvp2Xi8FVwD/vTNfsxvcXMwn86U=
1,-16,WMX2CCWO1bbqBwzbm8u681vZrIE=,4XbCpC/obNHwD1vxml04fjRWJj0=
4,-13,WMX2CCWO1bbqBwzbm8u681vZrIE=,EOt2OymhWMGOWOtK1qoOxq+awcQ=
4,-12,WMX2CCWO1bbqBwzbm8u681vZrIE=,DmNOMuBZxkT8GXglaklF5Emdszo=
0,-16,WMX2CCWO1bbqBwzbm8u681vZrIE=,4XbCpC/obNHwD1vxml04fjRWJj0=
1,-15,WMX2CCWO1bbqBwzbm8u681vZrIE=,4XbCpC/obNHwD1vxml04fjRWJj0=
3,-13,WMX2CCWO1bbqBwzbm8u681vZrIE=,4XbCpC/obNHwD1vxml04fjRWJj0=
2,-13,WMX2CCWO1bbqBwzbm8u681vZrIE=,4XbCpC/obNHwD1vxml04fjRWJj0=
1,-13,WMX2CCWO1bbqBwzbm8u681vZrIE=,4XbCpC/obNHwD1vxml04fjRWJj0=
0,-13,WMX2CCWO1bbqBwzbm8u681vZrIE=,4XbCpC/obNHwD1vxml04fjRWJj0=
4,-14,WMX2CCWO1bbqBwzbm8u681vZrIE=,EOt2OymhWMGOWOtK1qoOxq+awcQ=
2,-14,WMX2CCWO1bbqBwzbm8u681vZrIE=,4XbCpC/obNHwD1vxml04fjRWJj0=
1,-14,WMX2CCWO1bbqBwzbm8u681vZrIE=,4XbCpC/obNHwD1vxml04fjRWJj0=
4,-15,WMX2CCWO1bbqBwzbm8u681vZrIE=,EOt2OymhWMGOWOtK1qoOxq+awcQ=
0,-14,WMX2CCWO1bbqBwzbm8u681vZrIE=,4XbCpC/obNHwD1vxml04fjRWJj0=
3,-15,WMX2CCWO1bbqBwzbm8u681vZrIE=,4XbCpC/obNHwD1vxml04fjRWJj0=
3,-14,WMX2CCWO1bbqBwzbm8u681vZrIE=,4XbCpC/obNHwD1vxml04fjRWJj0=
2,-15,WMX2CCWO1bbqBwzbm8u681vZrIE=,4XbCpC/obNHwD1vxml04fjRWJj0=
1,-23,CLOjqqctEWomC1u7PSnAc3YDmmk=,YBMOAbAja3cG/Rb4JmzTwnx/72k=
1,-22,CLOjqqctEWomC1u7PSnAc3YDmmk=,YBMOAbAja3cG/Rb4JmzTwnx/72k=
2,-22,CLOjqqctEWomC1u7PSnAc3YDmmk=,YBMOAbAja3cG/Rb4JmzTwnx/72k=
9,-19,CLOjqqctEWomC1u7PSnAc3YDmmk=,9w7UCxeA8UNm9q99rfagnEE+WN4=
10,-19,CLOjqqctEWomC1u7PSnAc3YDmmk=,9w7UCxeA8UNm9q99rfagnEE+WN4=
9,-18,CLOjqqctEWomC1u7PSnAc3YDmmk=,9w7UCxeA8UNm9q99rfagnEE+WN4=
10,-18,CLOjqqctEWomC1u7PSnAc3YDmmk=,9w7UCxeA8UNm9q99rfagnEE+WN4=
6,-23,CLOjqqctEWomC1u7PSnAc3YDmmk=,0wAbdluCEKHW9nLMyKhgm8OAj3U=
7,-23,CLOjqqctEWomC1u7PSnAc3YDmmk=,0wAbdluCEKHW9nLMyKhgm8OAj3U=
10,-20,CLOjqqctEWomC1u7PSnAc3YDmmk=,9w7UCxeA8UNm9q99rfagnEE+WN4=
9,-20,CLOjqqctEWomC1u7PSnAc3YDmmk=,9w7UCxeA8UNm9q99rfagnEE+WN4=
3,-23,CLOjqqctEWomC1u7PSnAc3YDmmk=,YBMOAbAja3cG/Rb4JmzTwnx/72k=
6,-24,CLOjqqctEWomC1u7PSnAc3YDmmk=,0wAbdluCEKHW9nLMyKhgm8OAj3U=
5,-22,CLOjqqctEWomC1u7PSnAc3YDmmk=,0wAbdluCEKHW9nLMyKhgm8OAj3U=
6,-22,CLOjqqctEWomC1u7PSnAc3YDmmk=,0wAbdluCEKHW9nLMyKhgm8OAj3U=
3,-22,CLOjqqctEWomC1u7PSnAc3YDmmk=,YBMOAbAja3cG/Rb4JmzTwnx/72k=
5,-24,CLOjqqctEWomC1u7PSnAc3YDmmk=,0wAbdluCEKHW9nLMyKhgm8OAj3U=
7,-22,CLOjqqctEWomC1u7PSnAc3YDmmk=,0wAbdluCEKHW9nLMyKhgm8OAj3U=
4,-23,CLOjqqctEWomC1u7PSnAc3YDmmk=,0wAbdluCEKHW9nLMyKhgm8OAj3U=
8,-19,CLOjqqctEWomC1u7PSnAc3YDmmk=,9w7UCxeA8UNm9q99rfagnEE+WN4=
4,-22,CLOjqqctEWomC1u7PSnAc3YDmmk=,0wAbdluCEKHW9nLMyKhgm8OAj3U=
5,-23,CLOjqqctEWomC1u7PSnAc3YDmmk=,0wAbdluCEKHW9nLMyKhgm8OAj3U=
2,-23,CLOjqqctEWomC1u7PSnAc3YDmmk=,YBMOAbAja3cG/Rb4JmzTwnx/72k=
7,-18,CLOjqqctEWomC1u7PSnAc3YDmmk=,x/XZ5Y7pIVFGovfYXvW2ydH4kOo=
8,-20,CLOjqqctEWomC1u7PSnAc3YDmmk=,9w7UCxeA8UNm9q99rfagnEE+WN4=
3,-17,CLOjqqctEWomC1u7PSnAc3YDmmk=,obH05EE75sKU6XBeZV2rGh2QmVk=
0,-19,CLOjqqctEWomC1u7PSnAc3YDmmk=,obH05EE75sKU6XBeZV2rGh2QmVk=
3,-20,CLOjqqctEWomC1u7PSnAc3YDmmk=,obH05EE75sKU6XBeZV2rGh2QmVk=
3,-18,CLOjqqctEWomC1u7PSnAc3YDmmk=,obH05EE75sKU6XBeZV2rGh2QmVk=
2,-18,CLOjqqctEWomC1u7PSnAc3YDmmk=,obH05EE75sKU6XBeZV2rGh2QmVk=
5,-17,CLOjqqctEWomC1u7PSnAc3YDmmk=,x/XZ5Y7pIVFGovfYXvW2ydH4kOo=
4,-18,CLOjqqctEWomC1u7PSnAc3YDmmk=,x/XZ5Y7pIVFGovfYXvW2ydH4kOo=
6,-17,CLOjqqctEWomC1u7PSnAc3YDmmk=,x/XZ5Y7pIVFGovfYXvW2ydH4kOo=
1,-18,CLOjqqctEWomC1u7PSnAc3YDmmk=,obH05EE75sKU6XBeZV2rGh2QmVk=
0,-23,CLOjqqctEWomC1u7PSnAc3YDmmk=,YBMOAbAja3cG/Rb4JmzTwnx/72k=
1,-17,CLOjqqctEWomC1u7PSnAc3YDmmk=,obH05EE75sKU6XBeZV2rGh2QmVk=
4,-17,CLOjqqctEWomC1u7PSnAc3YDmmk=,x/XZ5Y7pIVFGovfYXvW2ydH4kOo=
6,-21,CLOjqqctEWomC1u7PSnAc3YDmmk=,0wAbdluCEKHW9nLMyKhgm8OAj3U=
6,-18,CLOjqqctEWomC1u7PSnAc3YDmmk=,x/XZ5Y7pIVFGovfYXvW2ydH4kOo=
5,-18,CLOjqqctEWomC1u7PSnAc3YDmmk=,x/XZ5Y7pIVFGovfYXvW2ydH4kOo=
7,-17,CLOjqqctEWomC1u7PSnAc3YDmmk=,x/XZ5Y7pIVFGovfYXvW2ydH4kOo=
9,-17,CLOjqqctEWomC1u7PSnAc3YDmmk=,9w7UCxeA8UNm9q99rfagnEE+WN4=
8,-17,CLOjqqctEWomC1u7PSnAc3YDmmk=,9w7UCxeA8UNm9q99rfagnEE+WN4=
11,-19,CLOjqqctEWomC1u7PSnAc3YDmmk=,9w7UCxeA8UNm9q99rfagnEE+WN4=
10,-17,CLOjqqctEWomC1u7PSnAc3YDmmk=,9w7UCxeA8UNm9q99rfagnEE+WN4=
11,-18,CLOjqqctEWomC1u7PSnAc3YDmmk=,9w7UCxeA8UNm9q99rfagnEE+WN4=
0,-18,CLOjqqctEWomC1u7PSnAc3YDmmk=,obH05EE75sKU6XBeZV2rGh2QmVk=
8,-18,CLOjqqctEWomC1u7PSnAc3YDmmk=,9w7UCxeA8UNm9q99rfagnEE+WN4=
4,-21,CLOjqqctEWomC1u7PSnAc3YDmmk=,0wAbdluCEKHW9nLMyKhgm8OAj3U=
3,-21,CLOjqqctEWomC1u7PSnAc3YDmmk=,YBMOAbAja3cG/Rb4JmzTwnx/72k=
0,-21,CLOjqqctEWomC1u7PSnAc3YDmmk=,YBMOAbAja3cG/Rb4JmzTwnx/72k=
5,-21,CLOjqqctEWomC1u7PSnAc3YDmmk=,0wAbdluCEKHW9nLMyKhgm8OAj3U=
2,-17,CLOjqqctEWomC1u7PSnAc3YDmmk=,obH05EE75sKU6XBeZV2rGh2QmVk=
5,-20,CLOjqqctEWomC1u7PSnAc3YDmmk=,x/XZ5Y7pIVFGovfYXvW2ydH4kOo=
7,-19,CLOjqqctEWomC1u7PSnAc3YDmmk=,x/XZ5Y7pIVFGovfYXvW2ydH4kOo=
6,-19,CLOjqqctEWomC1u7PSnAc3YDmmk=,x/XZ5Y7pIVFGovfYXvW2ydH4kOo=
4,-24,CLOjqqctEWomC1u7PSnAc3YDmmk=,0wAbdluCEKHW9nLMyKhgm8OAj3U=
3,-19,CLOjqqctEWomC1u7PSnAc3YDmmk=,obH05EE75sKU6XBeZV2rGh2QmVk=
5,-19,CLOjqqctEWomC1u7PSnAc3YDmmk=,x/XZ5Y7pIVFGovfYXvW2ydH4kOo=
1,-24,CLOjqqctEWomC1u7PSnAc3YDmmk=,YBMOAbAja3cG/Rb4JmzTwnx/72k=
0,-22,CLOjqqctEWomC1u7PSnAc3YDmmk=,YBMOAbAja3cG/Rb4JmzTwnx/72k=
7,-21,CLOjqqctEWomC1u7PSnAc3YDmmk=,0wAbdluCEKHW9nLMyKhgm8OAj3U=
3,-24,CLOjqqctEWomC1u7PSnAc3YDmmk=,YBMOAbAja3cG/Rb4JmzTwnx/72k=
1,-19,CLOjqqctEWomC1u7PSnAc3YDmmk=,obH05EE75sKU6XBeZV2rGh2QmVk=
11,-20,CLOjqqctEWomC1u7PSnAc3YDmmk=,9w7UCxeA8UNm9q99rfagnEE+WN4=
6,-20,CLOjqqctEWomC1u7PSnAc3YDmmk=,x/XZ5Y7pIVFGovfYXvW2ydH4kOo=
2,-24,CLOjqqctEWomC1u7PSnAc3YDmmk=,YBMOAbAja3cG/Rb4JmzTwnx/72k=
7,-20,CLOjqqctEWomC1u7PSnAc3YDmmk=,x/XZ5Y7pIVFGovfYXvW2ydH4kOo=
2,-19,CLOjqqctEWomC1u7PSnAc3YDmmk=,obH05EE75sKU6XBeZV2rGh2QmVk=
0,-24,CLOjqqctEWomC1u7PSnAc3YDmmk=,YBMOAbAja3cG/Rb4JmzTwnx/72k=
11,-17,CLOjqqctEWomC1u7PSnAc3YDmmk=,9w7UCxeA8UNm9q99rfagnEE+WN4=
0,-20,CLOjqqctEWomC1u7PSnAc3YDmmk=,obH05EE75sKU6XBeZV2rGh2QmVk=
4,-19,CLOjqqctEWomC1u7PSnAc3YDmmk=,x/XZ5Y7pIVFGovfYXvW2ydH4kOo=
2,-20,CLOjqqctEWomC1u7PSnAc3YDmmk=,obH05EE75sKU6XBeZV2rGh2QmVk=
7,-24,CLOjqqctEWomC1u7PSnAc3YDmmk=,0wAbdluCEKHW9nLMyKhgm8OAj3U=
4,-20,CLOjqqctEWomC1u7PSnAc3YDmmk=,x/XZ5Y7pIVFGovfYXvW2ydH4kOo=
0,-17,CLOjqqctEWomC1u7PSnAc3YDmmk=,obH05EE75sKU6XBeZV2rGh2QmVk=
1,-21,CLOjqqctEWomC1u7PSnAc3YDmmk=,YBMOAbAja3cG/Rb4JmzTwnx/72k=
1,-20,CLOjqqctEWomC1u7PSnAc3YDmmk=,obH05EE75sKU6XBeZV2rGh2QmVk=
2,-21,CLOjqqctEWomC1u7PSnAc3YDmmk=,YBMOAbAja3cG/Rb4JmzTwnx/72k=
17,-7,uuZV0G6f9rDOYNI5NQ2YQv2cbHU=,ghnNI4mo719tVl/cBeXv/GTJkDk=
18,-7,uuZV0G6f9rDOYNI5NQ2YQv2cbHU=,ghnNI4mo719tVl/cBeXv/GTJkDk=
17,-6,uuZV0G6f9rDOYNI5NQ2YQv2cbHU=,ghnNI4mo719tVl/cBeXv/GTJkDk=
18,-6,uuZV0G6f9rDOYNI5NQ2YQv2cbHU=,ghnNI4mo719tVl/cBeXv/GTJkDk=
17,-10,uuZV0G6f9rDOYNI5NQ2YQv2cbHU=,enKqo1WvCbP/irG5zBbs1JGgTZo=
18,-8,uuZV0G6f9rDOYNI5NQ2YQv2cbHU=,ghnNI4mo719tVl/cBeXv/GTJkDk=
17,-8,uuZV0G6f9rDOYNI5NQ2YQv2cbHU=,ghnNI4mo719tVl/cBeXv/GTJkDk=
18,-9,uuZV0G6f9rDOYNI5NQ2YQv2cbHU=,enKqo1WvCbP/irG5zBbs1JGgTZo=
18,-11,uuZV0G6f9rDOYNI5NQ2YQv2cbHU=,enKqo1WvCbP/irG5zBbs1JGgTZo=
17,-11,uuZV0G6f9rDOYNI5NQ2YQv2cbHU=,enKqo1WvCbP/irG5zBbs1JGgTZo=
17,-9,uuZV0G6f9rDOYNI5NQ2YQv2cbHU=,enKqo1WvCbP/irG5zBbs1JGgTZo=
18,-10,uuZV0G6f9rDOYNI5NQ2YQv2cbHU=,enKqo1WvCbP/irG5zBbs1JGgTZo=
22,-2,uuZV0G6f9rDOYNI5NQ2YQv2cbHU=,JO6Gg39uJ7YIhaKsubRMEWOSuWI=
19,-6,uuZV0G6f9rDOYNI5NQ2YQv2cbHU=,ghnNI4mo719tVl/cBeXv/GTJkDk=
20,-7,uuZV0G6f9rDOYNI5NQ2YQv2cbHU=,tsdszlhN9Dux6w1RQ8w+ZgDgJiA=
17,-2,uuZV0G6f9rDOYNI5NQ2YQv2cbHU=,XKK36iG0qL+Tbo/HN50v1G2LShU=
17,-3,uuZV0G6f9rDOYNI5NQ2YQv2cbHU=,XKK36iG0qL+Tbo/HN50v1G2LShU=
22,-3,uuZV0G6f9rDOYNI5NQ2YQv2cbHU=,JO6Gg39uJ7YIhaKsubRMEWOSuWI=
21,-3,uuZV0G6f9rDOYNI5NQ2YQv2cbHU=,JO6Gg39uJ7YIhaKsubRMEWOSuWI=
21,-7,uuZV0G6f9rDOYNI5NQ2YQv2cbHU=,tsdszlhN9Dux6w1RQ8w+ZgDgJiA=
21,-2,uuZV0G6f9rDOYNI5NQ2YQv2cbHU=,JO6Gg39uJ7YIhaKsubRMEWOSuWI=
22,-7,uuZV0G6f9rDOYNI5NQ2YQv2cbHU=,tsdszlhN9Dux6w1RQ8w+ZgDgJiA=
18,-2,uuZV0G6f9rDOYNI5NQ2YQv2cbHU=,XKK36iG0qL+Tbo/HN50v1G2LShU=
18,-3,uuZV0G6f9rDOYNI5NQ2YQv2cbHU=,XKK36iG0qL+Tbo/HN50v1G2LShU=
19,-4,uuZV0G6f9rDOYNI5NQ2YQv2cbHU=,XKK36iG0qL+Tbo/HN50v1G2LShU=
19,-5,uuZV0G6f9rDOYNI5NQ2YQv2cbHU=,ghnNI4mo719tVl/cBeXv/GTJkDk=
19,-7,uuZV0G6f9rDOYNI5NQ2YQv2cbHU=,ghnNI4mo719tVl/cBeXv/GTJkDk=
18,-4,uuZV0G6f9rDOYNI5NQ2YQv2cbHU=,XKK36iG0qL+Tbo/HN50v1G2LShU=
22,-4,uuZV0G6f9rDOYNI5NQ2YQv2cbHU=,JO6Gg39uJ7YIhaKsubRMEWOSuWI=
19,-2,uuZV0G6f9rDOYNI5NQ2YQv2cbHU=,XKK36iG0qL+Tbo/HN50v1G2LShU=
20,-2,uuZV0G6f9rDOYNI5NQ2YQv2cbHU=,JO6Gg39uJ7YIhaKsubRMEWOSuWI=
20,-4,uuZV0G6f9rDOYNI5NQ2YQv2cbHU=,JO6Gg39uJ7YIhaKsubRMEWOSuWI=
19,-3,uuZV0G6f9rDOYNI5NQ2YQv2cbHU=,XKK36iG0qL+Tbo/HN50v1G2LShU=
20,-5,uuZV0G6f9rDOYNI5NQ2YQv2cbHU=,tsdszlhN9Dux6w1RQ8w+ZgDgJiA=
17,-5,uuZV0G6f9rDOYNI5NQ2YQv2cbHU=,ghnNI4mo719tVl/cBeXv/GTJkDk=
17,-4,uuZV0G6f9rDOYNI5NQ2YQv2cbHU=,XKK36iG0qL+Tbo/HN50v1G2LShU=
20,-3,uuZV0G6f9rDOYNI5NQ2YQv2cbHU=,JO6Gg39uJ7YIhaKsubRMEWOSuWI=
18,-5,uuZV0G6f9rDOYNI5NQ2YQv2cbHU=,ghnNI4mo719tVl/cBeXv/GTJkDk=
22,-5,uuZV0G6f9rDOYNI5NQ2YQv2cbHU=,tsdszlhN9Dux6w1RQ8w+ZgDgJiA=
21,-5,uuZV0G6f9rDOYNI5NQ2YQv2cbHU=,tsdszlhN9Dux6w1RQ8w+ZgDgJiA=
17,-14,uuZV0G6f9rDOYNI5NQ2YQv2cbHU=,mvp2Xi8FVwD/vTNfsxvcXMwn86U=
21,-4,uuZV0G6f9rDOYNI5NQ2YQv2cbHU=,JO6Gg39uJ7YIhaKsubRMEWOSuWI=
17,-12,uuZV0G6f9rDOYNI5NQ2YQv2cbHU=,enKqo1WvCbP/irG5zBbs1JGgTZo=
18,-14,uuZV0G6f9rDOYNI5NQ2YQv2cbHU=,mvp2Xi8FVwD/vTNfsxvcXMwn86U=
18,-12,uuZV0G6f9rDOYNI5NQ2YQv2cbHU=,enKqo1WvCbP/irG5zBbs1JGgTZo=
17,-13,uuZV0G6f9rDOYNI5NQ2YQv2cbHU=,mvp2Xi8FVwD/vTNfsxvcXMwn86U=
18,-15,uuZV0G6f9rDOYNI5NQ2YQv2cbHU=,mvp2Xi8FVwD/vTNfsxvcXMwn86U=
18,-13,uuZV0G6f9rDOYNI5NQ2YQv2cbHU=,mvp2Xi8FVwD/vTNfsxvcXMwn86U=
17,-15,uuZV0G6f9rDOYNI5NQ2YQv2cbHU=,mvp2Xi8FVwD/vTNfsxvcXMwn86U=
16,-14,uuZV0G6f9rDOYNI5NQ2YQv2cbHU=,mvp2Xi8FVwD/vTNfsxvcXMwn86U=
16,-15,uuZV0G6f9rDOYNI5NQ2YQv2cbHU=,mvp2Xi8FVwD/vTNfsxvcXMwn86U=
22,-6,uuZV0G6f9rDOYNI5NQ2YQv2cbHU=,tsdszlhN9Dux6w1RQ8w+ZgDgJiA=
17,-16,uuZV0G6f9rDOYNI5NQ2YQv2cbHU=,mvp2Xi8FVwD/vTNfsxvcXMwn86U=
18,-16,uuZV0G6f9rDOYNI5NQ2YQv2cbHU=,mvp2Xi8FVwD/vTNfsxvcXMwn86U=
16,-16,uuZV0G6f9rDOYNI5NQ2YQv2cbHU=,mvp2Xi8FVwD/vTNfsxvcXMwn86U=
21,-6,uuZV0G6f9rDOYNI5NQ2YQv2cbHU=,tsdszlhN9Dux6w1RQ8w+ZgDgJiA=
17,-1,uuZV0G6f9rDOYNI5NQ2YQv2cbHU=,XKK36iG0qL+Tbo/HN50v1G2LShU=
16,-3,uuZV0G6f9rDOYNI5NQ2YQv2cbHU=,XKK36iG0qL+Tbo/HN50v1G2LShU=
16,-4,uuZV0G6f9rDOYNI5NQ2YQv2cbHU=,XKK36iG0qL+Tbo/HN50v1G2LShU=
16,-5,uuZV0G6f9rDOYNI5NQ2YQv2cbHU=,ghnNI4mo719tVl/cBeXv/GTJkDk=
16,-6,uuZV0G6f9rDOYNI5NQ2YQv2cbHU=,ghnNI4mo719tVl/cBeXv/GTJkDk=
16,-7,uuZV0G6f9rDOYNI5NQ2YQv2cbHU=,ghnNI4mo719tVl/cBeXv/GTJkDk=
16,-10,uuZV0G6f9rDOYNI5NQ2YQv2cbHU=,enKqo1WvCbP/irG5zBbs1JGgTZo=
16,-12,uuZV0G6f9rDOYNI5NQ2YQv2cbHU=,enKqo1WvCbP/irG5zBbs1JGgTZo=
16,-9,uuZV0G6f9rDOYNI5NQ2YQv2cbHU=,enKqo1WvCbP/irG5zBbs1JGgTZo=
16,-11,uuZV0G6f9rDOYNI5NQ2YQv2cbHU=,enKqo1WvCbP/irG5zBbs1JGgTZo=
16,-8,uuZV0G6f9rDOYNI5NQ2YQv2cbHU=,ghnNI4mo719tVl/cBeXv/GTJkDk=
16,-13,uuZV0G6f9rDOYNI5NQ2YQv2cbHU=,mvp2Xi8FVwD/vTNfsxvcXMwn86U=
22,-1,uuZV0G6f9rDOYNI5NQ2YQv2cbHU=,JO6Gg39uJ7YIhaKsubRMEWOSuWI=
16,-2,uuZV0G6f9rDOYNI5NQ2YQv2cbHU=,XKK36iG0qL+Tbo/HN50v1G2LShU=
19,-1,uuZV0G6f9rDOYNI5NQ2YQv2cbHU=,XKK36iG0qL+Tbo/HN50v1G2LShU=
19,-8,uuZV0G6f9rDOYNI5NQ2YQv2cbHU=,ghnNI4mo719tVl/cBeXv/GTJkDk=
20,-1,uuZV0G6f9rDOYNI5NQ2YQv2cbHU=,JO6Gg39uJ7YIhaKsubRMEWOSuWI=
20,-6,uuZV0G6f9rDOYNI5NQ2YQv2cbHU=,tsdszlhN9Dux6w1RQ8w+ZgDgJiA=
22,-9,uuZV0G6f9rDOYNI5NQ2YQv2cbHU=,sa2uJSl9gF2njYRNNEWZwPmlfA0=
19,-11,uuZV0G6f9rDOYNI5NQ2YQv2cbHU=,enKqo1WvCbP/irG5zBbs1JGgTZo=
22,-8,uuZV0G6f9rDOYNI5NQ2YQv2cbHU=,tsdszlhN9Dux6w1RQ8w+ZgDgJiA=
19,-9,uuZV0G6f9rDOYNI5NQ2YQv2cbHU=,enKqo1WvCbP/irG5zBbs1JGgTZo=
20,-11,uuZV0G6f9rDOYNI5NQ2YQv2cbHU=,sa2uJSl9gF2njYRNNEWZwPmlfA0=
19,-10,uuZV0G6f9rDOYNI5NQ2YQv2cbHU=,enKqo1WvCbP/irG5zBbs1JGgTZo=
16,-1,uuZV0G6f9rDOYNI5NQ2YQv2cbHU=,XKK36iG0qL+Tbo/HN50v1G2LShU=
20,-10,uuZV0G6f9rDOYNI5NQ2YQv2cbHU=,sa2uJSl9gF2njYRNNEWZwPmlfA0=
21,-1,uuZV0G6f9rDOYNI5NQ2YQv2cbHU=,JO6Gg39uJ7YIhaKsubRMEWOSuWI=
22,-10,uuZV0G6f9rDOYNI5NQ2YQv2cbHU=,sa2uJSl9gF2njYRNNEWZwPmlfA0=
18,-1,uuZV0G6f9rDOYNI5NQ2YQv2cbHU=,XKK36iG0qL+Tbo/HN50v1G2LShU=
22,-11,uuZV0G6f9rDOYNI5NQ2YQv2cbHU=,sa2uJSl9gF2njYRNNEWZwPmlfA0=
20,-15,uuZV0G6f9rDOYNI5NQ2YQv2cbHU=,OzKnOnUrMHieOzifd4diycLcv+I=
19,-15,uuZV0G6f9rDOYNI5NQ2YQv2cbHU=,mvp2Xi8FVwD/vTNfsxvcXMwn86U=
19,-13,uuZV0G6f9rDOYNI5NQ2YQv2cbHU=,mvp2Xi8FVwD/vTNfsxvcXMwn86U=
20,-14,uuZV0G6f9rDOYNI5NQ2YQv2cbHU=,OzKnOnUrMHieOzifd4diycLcv+I=
19,-14,uuZV0G6f9rDOYNI5NQ2YQv2cbHU=,mvp2Xi8FVwD/vTNfsxvcXMwn86U=
20,-9,uuZV0G6f9rDOYNI5NQ2YQv2cbHU=,sa2uJSl9gF2njYRNNEWZwPmlfA0=
20,-8,uuZV0G6f9rDOYNI5NQ2YQv2cbHU=,tsdszlhN9Dux6w1RQ8w+ZgDgJiA=
20,-13,uuZV0G6f9rDOYNI5NQ2YQv2cbHU=,OzKnOnUrMHieOzifd4diycLcv+I=
19,-12,uuZV0G6f9rDOYNI5NQ2YQv2cbHU=,enKqo1WvCbP/irG5zBbs1JGgTZo=
22,-13,uuZV0G6f9rDOYNI5NQ2YQv2cbHU=,OzKnOnUrMHieOzifd4diycLcv+I=
19,-16,uuZV0G6f9rDOYNI5NQ2YQv2cbHU=,mvp2Xi8FVwD/vTNfsxvcXMwn86U=
22,-16,uuZV0G6f9rDOYNI5NQ2YQv2cbHU=,OzKnOnUrMHieOzifd4diycLcv+I=
21,-10,uuZV0G6f9rDOYNI5NQ2YQv2cbHU=,sa2uJSl9gF2njYRNNEWZwPmlfA0=
20,-12,uuZV0G6f9rDOYNI5NQ2YQv2cbHU=,sa2uJSl9gF2njYRNNEWZwPmlfA0=
22,-14,uuZV0G6f9rDOYNI5NQ2YQv2cbHU=,OzKnOnUrMHieOzifd4diycLcv+I=
22,-12,uuZV0G6f9rDOYNI5NQ2YQv2cbHU=,sa2uJSl9gF2njYRNNEWZwPmlfA0=
22,-15,uuZV0G6f9rDOYNI5NQ2YQv2cbHU=,OzKnOnUrMHieOzifd4diycLcv+I=
21,-8,uuZV0G6f9rDOYNI5NQ2YQv2cbHU=,tsdszlhN9Dux6w1RQ8w+ZgDgJiA=
20,-16,uuZV0G6f9rDOYNI5NQ2YQv2cbHU=,OzKnOnUrMHieOzifd4diycLcv+I=
21,-9,uuZV0G6f9rDOYNI5NQ2YQv2cbHU=,sa2uJSl9gF2njYRNNEWZwPmlfA0=
21,-11,uuZV0G6f9rDOYNI5NQ2YQv2cbHU=,sa2uJSl9gF2njYRNNEWZwPmlfA0=
21,-15,uuZV0G6f9rDOYNI5NQ2YQv2cbHU=,OzKnOnUrMHieOzifd4diycLcv+I=
21,-13,uuZV0G6f9rDOYNI5NQ2YQv2cbHU=,OzKnOnUrMHieOzifd4diycLcv+I=
21,-16,uuZV0G6f9rDOYNI5NQ2YQv2cbHU=,OzKnOnUrMHieOzifd4diycLcv+I=
21,-12,uuZV0G6f9rDOYNI5NQ2YQv2cbHU=,sa2uJSl9gF2njYRNNEWZwPmlfA0=
21,-14,uuZV0G6f9rDOYNI5NQ2YQv2cbHU=,OzKnOnUrMHieOzifd4diycLcv+I=
17,-19,uuZV0G6f9rDOYNI5NQ2YQv2cbHU=,H1VVzqziZY/fmEC7GfwUdvdN/mA=
18,-19,uuZV0G6f9rDOYNI5NQ2YQv2cbHU=,H1VVzqziZY/fmEC7GfwUdvdN/mA=
17,-21,uuZV0G6f9rDOYNI5NQ2YQv2cbHU=,VYPjs0NZR6Pc8b6iViaJHnvA9T0=
18,-21,uuZV0G6f9rDOYNI5NQ2YQv2cbHU=,VYPjs0NZR6Pc8b6iViaJHnvA9T0=
17,-20,uuZV0G6f9rDOYNI5NQ2YQv2cbHU=,H1VVzqziZY/fmEC7GfwUdvdN/mA=
18,-20,uuZV0G6f9rDOYNI5NQ2YQv2cbHU=,H1VVzqziZY/fmEC7GfwUdvdN/mA=
17,-23,uuZV0G6f9rDOYNI5NQ2YQv2cbHU=,VYPjs0NZR6Pc8b6iViaJHnvA9T0=
18,-23,uuZV0G6f9rDOYNI5NQ2YQv2cbHU=,VYPjs0NZR6Pc8b6iViaJHnvA9T0=
17,-22,uuZV0G6f9rDOYNI5NQ2YQv2cbHU=,VYPjs0NZR6Pc8b6iViaJHnvA9T0=
18,-22,uuZV0G6f9rDOYNI5NQ2YQv2cbHU=,VYPjs0NZR6Pc8b6iViaJHnvA9T0=
17,-25,uuZV0G6f9rDOYNI5NQ2YQv2cbHU=,m0HU5xHqXGRDiiwlbAplzr0uPSg=
18,-25,uuZV0G6f9rDOYNI5NQ2YQv2cbHU=,m0HU5xHqXGRDiiwlbAplzr0uPSg=
17,-24,uuZV0G6f9rDOYNI5NQ2YQv2cbHU=,VYPjs0NZR6Pc8b6iViaJHnvA9T0=
17,-27,uuZV0G6f9rDOYNI5NQ2YQv2cbHU=,m0HU5xHqXGRDiiwlbAplzr0uPSg=
18,-24,uuZV0G6f9rDOYNI5NQ2YQv2cbHU=,VYPjs0NZR6Pc8b6iViaJHnvA9T0=
18,-27,uuZV0G6f9rDOYNI5NQ2YQv2cbHU=,m0HU5xHqXGRDiiwlbAplzr0uPSg=
17,-26,uuZV0G6f9rDOYNI5NQ2YQv2cbHU=,m0HU5xHqXGRDiiwlbAplzr0uPSg=
18,-26,uuZV0G6f9rDOYNI5NQ2YQv2cbHU=,m0HU5xHqXGRDiiwlbAplzr0uPSg=
18,-18,uuZV0G6f9rDOYNI5NQ2YQv2cbHU=,H1VVzqziZY/fmEC7GfwUdvdN/mA=
17,-18,uuZV0G6f9rDOYNI5NQ2YQv2cbHU=,H1VVzqziZY/fmEC7GfwUdvdN/mA=
22,-22,uuZV0G6f9rDOYNI5NQ2YQv2cbHU=,zhIfwudJ5aJLRdvM1yQIDvfKZe0=
20,-23,uuZV0G6f9rDOYNI5NQ2YQv2cbHU=,zhIfwudJ5aJLRdvM1yQIDvfKZe0=
19,-22,uuZV0G6f9rDOYNI5NQ2YQv2cbHU=,VYPjs0NZR6Pc8b6iViaJHnvA9T0=
19,-26,uuZV0G6f9rDOYNI5NQ2YQv2cbHU=,m0HU5xHqXGRDiiwlbAplzr0uPSg=
22,-25,uuZV0G6f9rDOYNI5NQ2YQv2cbHU=,0Hsx9FkpDmtkUjsb+gG4FTIhioM=
19,-25,uuZV0G6f9rDOYNI5NQ2YQv2cbHU=,m0HU5xHqXGRDiiwlbAplzr0uPSg=
21,-23,uuZV0G6f9rDOYNI5NQ2YQv2cbHU=,zhIfwudJ5aJLRdvM1yQIDvfKZe0=
19,-23,uuZV0G6f9rDOYNI5NQ2YQv2cbHU=,VYPjs0NZR6Pc8b6iViaJHnvA9T0=
22,-23,uuZV0G6f9rDOYNI5NQ2YQv2cbHU=,zhIfwudJ5aJLRdvM1yQIDvfKZe0=
20,-22,uuZV0G6f9rDOYNI5NQ2YQv2cbHU=,zhIfwudJ5aJLRdvM1yQIDvfKZe0=
22,-24,uuZV0G6f9rDOYNI5NQ2YQv2cbHU=,zhIfwudJ5aJLRdvM1yQIDvfKZe0=
19,-18,uuZV0G6f9rDOYNI5NQ2YQv2cbHU=,H1VVzqziZY/fmEC7GfwUdvdN/mA=
19,-20,uuZV0G6f9rDOYNI5NQ2YQv2cbHU=,H1VVzqziZY/fmEC7GfwUdvdN/mA=
20,-26,uuZV0G6f9rDOYNI5NQ2YQv2cbHU=,0Hsx9FkpDmtkUjsb+gG4FTIhioM=
22,-27,uuZV0G6f9rDOYNI5NQ2YQv2cbHU=,0Hsx9FkpDmtkUjsb+gG4FTIhioM=
21,-26,uuZV0G6f9rDOYNI5NQ2YQv2cbHU=,0Hsx9FkpDmtkUjsb+gG4FTIhioM=
21,-19,uuZV0G6f9rDOYNI5NQ2YQv2cbHU=,nzgiITzhFaZAMUJmnLMmhrOT0mA=
19,-19,uuZV0G6f9rDOYNI5NQ2YQv2cbHU=,H1VVzqziZY/fmEC7GfwUdvdN/mA=
19,-21,uuZV0G6f9rDOYNI5NQ2YQv2cbHU=,VYPjs0NZR6Pc8b6iViaJHnvA9T0=
22,-26,uuZV0G6f9rDOYNI5NQ2YQv2cbHU=,0Hsx9FkpDmtkUjsb+gG4FTIhioM=
20,-21,uuZV0G6f9rDOYNI5NQ2YQv2cbHU=,zhIfwudJ5aJLRdvM1yQIDvfKZe0=
19,-24,uuZV0G6f9rDOYNI5NQ2YQv2cbHU=,VYPjs0NZR6Pc8b6iViaJHnvA9T0=
21,-22,uuZV0G6f9rDOYNI5NQ2YQv2cbHU=,zhIfwudJ5aJLRdvM1yQIDvfKZe0=
20,-25,uuZV0G6f9rDOYNI5NQ2YQv2cbHU=,0Hsx9FkpDmtkUjsb+gG4FTIhioM=
20,-27,uuZV0G6f9rDOYNI5NQ2YQv2cbHU=,0Hsx9FkpDmtkUjsb+gG4FTIhioM=
20,-24,uuZV0G6f9rDOYNI5NQ2YQv2cbHU=,zhIfwudJ5aJLRdvM1yQIDvfKZe0=
21,-24,uuZV0G6f9rDOYNI5NQ2YQv2cbHU=,zhIfwudJ5aJLRdvM1yQIDvfKZe0=
19,-27,uuZV0G6f9rDOYNI5NQ2YQv2cbHU=,m0HU5xHqXGRDiiwlbAplzr0uPSg=
20,-19,uuZV0G6f9rDOYNI5NQ2YQv2cbHU=,nzgiITzhFaZAMUJmnLMmhrOT0mA=
22,-21,uuZV0G6f9rDOYNI5NQ2YQv2cbHU=,zhIfwudJ5aJLRdvM1yQIDvfKZe0=
20,-18,uuZV0G6f9rDOYNI5NQ2YQv2cbHU=,nzgiITzhFaZAMUJmnLMmhrOT0mA=
17,-31,uuZV0G6f9rDOYNI5NQ2YQv2cbHU=,Qo+DK2x+RUO6/uJ6QTyjd5MOTKI=
16,-31,uuZV0G6f9rDOYNI5NQ2YQv2cbHU=,Qo+DK2x+RUO6/uJ6QTyjd5MOTKI=
18,-31,uuZV0G6f9rDOYNI5NQ2YQv2cbHU=,Qo+DK2x+RUO6/uJ6QTyjd5MOTKI=
16,-30,uuZV0G6f9rDOYNI5NQ2YQv2cbHU=,Qo+DK2x+RUO6/uJ6QTyjd5MOTKI=
21,-20,uuZV0G6f9rDOYNI5NQ2YQv2cbHU=,nzgiITzhFaZAMUJmnLMmhrOT0mA=
17,-30,uuZV0G6f9rDOYNI5NQ2YQv2cbHU=,Qo+DK2x+RUO6/uJ6QTyjd5MOTKI=
18,-30,uuZV0G6f9rDOYNI5NQ2YQv2cbHU=,Qo+DK2x+RUO6/uJ6QTyjd5MOTKI=
17,-32,uuZV0G6f9rDOYNI5NQ2YQv2cbHU=,Qo+DK2x+RUO6/uJ6QTyjd5MOTKI=
18,-32,uuZV0G6f9rDOYNI5NQ2YQv2cbHU=,Qo+DK2x+RUO6/uJ6QTyjd5MOTKI=
17,-29,uuZV0G6f9rDOYNI5NQ2YQv2cbHU=,Qo+DK2x+RUO6/uJ6QTyjd5MOTKI=
18,-29,uuZV0G6f9rDOYNI5NQ2YQv2cbHU=,Qo+DK2x+RUO6/uJ6QTyjd5MOTKI=
17,-28,uuZV0G6f9rDOYNI5NQ2YQv2cbHU=,m0HU5xHqXGRDiiwlbAplzr0uPSg=
22,-18,uuZV0G6f9rDOYNI5NQ2YQv2cbHU=,nzgiITzhFaZAMUJmnLMmhrOT0mA=
18,-28,uuZV0G6f9rDOYNI5NQ2YQv2cbHU=,m0HU5xHqXGRDiiwlbAplzr0uPSg=
21,-25,uuZV0G6f9rDOYNI5NQ2YQv2cbHU=,0Hsx9FkpDmtkUjsb+gG4FTIhioM=
16,-27,uuZV0G6f9rDOYNI5NQ2YQv2cbHU=,m0HU5xHqXGRDiiwlbAplzr0uPSg=
16,-29,uuZV0G6f9rDOYNI5NQ2YQv2cbHU=,Qo+DK2x+RUO6/uJ6QTyjd5MOTKI=
16,-26,uuZV0G6f9rDOYNI5NQ2YQv2cbHU=,m0HU5xHqXGRDiiwlbAplzr0uPSg=
20,-20,uuZV0G6f9rDOYNI5NQ2YQv2cbHU=,nzgiITzhFaZAMUJmnLMmhrOT0mA=
16,-28,uuZV0G6f9rDOYNI5NQ2YQv2cbHU=,m0HU5xHqXGRDiiwlbAplzr0uPSg=
16,-25,uuZV0G6f9rDOYNI5NQ2YQv2cbHU=,m0HU5xHqXGRDiiwlbAplzr0uPSg=
16,-19,uuZV0G6f9rDOYNI5NQ2YQv2cbHU=,H1VVzqziZY/fmEC7GfwUdvdN/mA=
16,-24,uuZV0G6f9rDOYNI5NQ2YQv2cbHU=,VYPjs0NZR6Pc8b6iViaJHnvA9T0=
16,-22,uuZV0G6f9rDOYNI5NQ2YQv2cbHU=,VYPjs0NZR6Pc8b6iViaJHnvA9T0=
16,-23,uuZV0G6f9rDOYNI5NQ2YQv2cbHU=,VYPjs0NZR6Pc8b6iViaJHnvA9T0=
16,-21,uuZV0G6f9rDOYNI5NQ2YQv2cbHU=,VYPjs0NZR6Pc8b6iViaJHnvA9T0=
16,-20,uuZV0G6f9rDOYNI5NQ2YQv2cbHU=,H1VVzqziZY/fmEC7GfwUdvdN/mA=
16,-18,uuZV0G6f9rDOYNI5NQ2YQv2cbHU=,H1VVzqziZY/fmEC7GfwUdvdN/mA=
21,-27,uuZV0G6f9rDOYNI5NQ2YQv2cbHU=,0Hsx9FkpDmtkUjsb+gG4FTIhioM=
17,-17,uuZV0G6f9rDOYNI5NQ2YQv2cbHU=,H1VVzqziZY/fmEC7GfwUdvdN/mA=
18,-17,uuZV0G6f9rDOYNI5NQ2YQv2cbHU=,H1VVzqziZY/fmEC7GfwUdvdN/mA=
16,-32,uuZV0G6f9rDOYNI5NQ2YQv2cbHU=,Qo+DK2x+RUO6/uJ6QTyjd5MOTKI=
16,-17,uuZV0G6f9rDOYNI5NQ2YQv2cbHU=,H1VVzqziZY/fmEC7GfwUdvdN/mA=
22,-19,uuZV0G6f9rDOYNI5NQ2YQv2cbHU=,nzgiITzhFaZAMUJmnLMmhrOT0mA=
21,-21,uuZV0G6f9rDOYNI5NQ2YQv2cbHU=,zhIfwudJ5aJLRdvM1yQIDvfKZe0=
20,-17,uuZV0G6f9rDOYNI5NQ2YQv2cbHU=,nzgiITzhFaZAMUJmnLMmhrOT0mA=
22,-20,uuZV0G6f9rDOYNI5NQ2YQv2cbHU=,nzgiITzhFaZAMUJmnLMmhrOT0mA=
19,-28,uuZV0G6f9rDOYNI5NQ2YQv2cbHU=,m0HU5xHqXGRDiiwlbAplzr0uPSg=
19,-29,uuZV0G6f9rDOYNI5NQ2YQv2cbHU=,Qo+DK2x+RUO6/uJ6QTyjd5MOTKI=
19,-32,uuZV0G6f9rDOYNI5NQ2YQv2cbHU=,Qo+DK2x+RUO6/uJ6QTyjd5MOTKI=
19,-30,uuZV0G6f9rDOYNI5NQ2YQv2cbHU=,Qo+DK2x+RUO6/uJ6QTyjd5MOTKI=
19,-31,uuZV0G6f9rDOYNI5NQ2YQv2cbHU=,Qo+DK2x+RUO6/uJ6QTyjd5MOTKI=
19,-17,uuZV0G6f9rDOYNI5NQ2YQv2cbHU=,H1VVzqziZY/fmEC7GfwUdvdN/mA=
22,-29,uuZV0G6f9rDOYNI5NQ2YQv2cbHU=,Ue/4HQw7vdveGMDdsVIKYa9fL/A=
20,-29,uuZV0G6f9rDOYNI5NQ2YQv2cbHU=,Ue/4HQw7vdveGMDdsVIKYa9fL/A=
22,-17,uuZV0G6f9rDOYNI5NQ2YQv2cbHU=,nzgiITzhFaZAMUJmnLMmhrOT0mA=
20,-30,uuZV0G6f9rDOYNI5NQ2YQv2cbHU=,Ue/4HQw7vdveGMDdsVIKYa9fL/A=
20,-31,uuZV0G6f9rDOYNI5NQ2YQv2cbHU=,Ue/4HQw7vdveGMDdsVIKYa9fL/A=
21,-18,uuZV0G6f9rDOYNI5NQ2YQv2cbHU=,nzgiITzhFaZAMUJmnLMmhrOT0mA=
22,-28,uuZV0G6f9rDOYNI5NQ2YQv2cbHU=,0Hsx9FkpDmtkUjsb+gG4FTIhioM=
20,-28,uuZV0G6f9rDOYNI5NQ2YQv2cbHU=,0Hsx9FkpDmtkUjsb+gG4FTIhioM=
22,-30,uuZV0G6f9rDOYNI5NQ2YQv2cbHU=,Ue/4HQw7vdveGMDdsVIKYa9fL/A=
22,-31,uuZV0G6f9rDOYNI5NQ2YQv2cbHU=,Ue/4HQw7vdveGMDdsVIKYa9fL/A=
22,-32,uuZV0G6f9rDOYNI5NQ2YQv2cbHU=,Ue/4HQw7vdveGMDdsVIKYa9fL/A=
20,-32,uuZV0G6f9rDOYNI5NQ2YQv2cbHU=,Ue/4HQw7vdveGMDdsVIKYa9fL/A=
21,-29,uuZV0G6f9rDOYNI5NQ2YQv2cbHU=,Ue/4HQw7vdveGMDdsVIKYa9fL/A=
21,-31,uuZV0G6f9rDOYNI5NQ2YQv2cbHU=,Ue/4HQw7vdveGMDdsVIKYa9fL/A=
21,-30,uuZV0G6f9rDOYNI5NQ2YQv2cbHU=,Ue/4HQw7vdveGMDdsVIKYa9fL/A=
21,-32,uuZV0G6f9rDOYNI5NQ2YQv2cbHU=,Ue/4HQw7vdveGMDdsVIKYa9fL/A=
21,-17,uuZV0G6f9rDOYNI5NQ2YQv2cbHU=,nzgiITzhFaZAMUJmnLMmhrOT0mA=
21,-28,uuZV0G6f9rDOYNI5NQ2YQv2cbHU=,0Hsx9FkpDmtkUjsb+gG4FTIhioM=
4,-27,CLOjqqctEWomC1u7PSnAc3YDmmk=,RfwPaUSxzN5914YwW47JVKpaW20=
1,-27,CLOjqqctEWomC1u7PSnAc3YDmmk=,WxX2USI48wgrXI1vYjsT5uWh0ug=
4,-26,CLOjqqctEWomC1u7PSnAc3YDmmk=,RfwPaUSxzN5914YwW47JVKpaW20=
2,-27,CLOjqqctEWomC1u7PSnAc3YDmmk=,WxX2USI48wgrXI1vYjsT5uWh0ug=
3,-27,CLOjqqctEWomC1u7PSnAc3YDmmk=,WxX2USI48wgrXI1vYjsT5uWh0ug=
1,-26,CLOjqqctEWomC1u7PSnAc3YDmmk=,WxX2USI48wgrXI1vYjsT5uWh0ug=
2,-26,CLOjqqctEWomC1u7PSnAc3YDmmk=,WxX2USI48wgrXI1vYjsT5uWh0ug=
3,-26,CLOjqqctEWomC1u7PSnAc3YDmmk=,WxX2USI48wgrXI1vYjsT5uWh0ug=
1,-31,CLOjqqctEWomC1u7PSnAc3YDmmk=,bMp9VFrSZRuJ/VKs4KBRStERtLc=
2,-31,CLOjqqctEWomC1u7PSnAc3YDmmk=,bMp9VFrSZRuJ/VKs4KBRStERtLc=
1,-30,CLOjqqctEWomC1u7PSnAc3YDmmk=,bMp9VFrSZRuJ/VKs4KBRStERtLc=
1,-28,CLOjqqctEWomC1u7PSnAc3YDmmk=,WxX2USI48wgrXI1vYjsT5uWh0ug=
2,-30,CLOjqqctEWomC1u7PSnAc3YDmmk=,bMp9VFrSZRuJ/VKs4KBRStERtLc=
1,-29,CLOjqqctEWomC1u7PSnAc3YDmmk=,bMp9VFrSZRuJ/VKs4KBRStERtLc=
2,-28,CLOjqqctEWomC1u7PSnAc3YDmmk=,WxX2USI48wgrXI1vYjsT5uWh0ug=
2,-29,CLOjqqctEWomC1u7PSnAc3YDmmk=,bMp9VFrSZRuJ/VKs4KBRStERtLc=
1,-25,CLOjqqctEWomC1u7PSnAc3YDmmk=,WxX2USI48wgrXI1vYjsT5uWh0ug=
2,-25,CLOjqqctEWomC1u7PSnAc3YDmmk=,WxX2USI48wgrXI1vYjsT5uWh0ug=
4,-25,CLOjqqctEWomC1u7PSnAc3YDmmk=,RfwPaUSxzN5914YwW47JVKpaW20=
8,-23,CLOjqqctEWomC1u7PSnAc3YDmmk=,Vdn4eWBr+jNurvbzQO3HVpZUU9g=
8,-22,CLOjqqctEWomC1u7PSnAc3YDmmk=,Vdn4eWBr+jNurvbzQO3HVpZUU9g=
5,-25,CLOjqqctEWomC1u7PSnAc3YDmmk=,RfwPaUSxzN5914YwW47JVKpaW20=
3,-25,CLOjqqctEWomC1u7PSnAc3YDmmk=,WxX2USI48wgrXI1vYjsT5uWh0ug=
6,-25,CLOjqqctEWomC1u7PSnAc3YDmmk=,RfwPaUSxzN5914YwW47JVKpaW20=
9,-21,CLOjqqctEWomC1u7PSnAc3YDmmk=,Vdn4eWBr+jNurvbzQO3HVpZUU9g=
10,-21,CLOjqqctEWomC1u7PSnAc3YDmmk=,Vdn4eWBr+jNurvbzQO3HVpZUU9g=
11,-21,CLOjqqctEWomC1u7PSnAc3YDmmk=,Vdn4eWBr+jNurvbzQO3HVpZUU9g=
12,-19,CLOjqqctEWomC1u7PSnAc3YDmmk=,uC99fgRq4dxlJDnEzoF/T31kDys=
12,-20,CLOjqqctEWomC1u7PSnAc3YDmmk=,uC99fgRq4dxlJDnEzoF/T31kDys=
12,-18,CLOjqqctEWomC1u7PSnAc3YDmmk=,uC99fgRq4dxlJDnEzoF/T31kDys=
12,-21,CLOjqqctEWomC1u7PSnAc3YDmmk=,i11PhEkmvpyKRGu5G7eb4/z8h2I=
8,-21,CLOjqqctEWomC1u7PSnAc3YDmmk=,Vdn4eWBr+jNurvbzQO3HVpZUU9g=
0,-27,CLOjqqctEWomC1u7PSnAc3YDmmk=,WxX2USI48wgrXI1vYjsT5uWh0ug=
0,-26,CLOjqqctEWomC1u7PSnAc3YDmmk=,WxX2USI48wgrXI1vYjsT5uWh0ug=
0,-25,CLOjqqctEWomC1u7PSnAc3YDmmk=,WxX2USI48wgrXI1vYjsT5uWh0ug=
1,-32,CLOjqqctEWomC1u7PSnAc3YDmmk=,bMp9VFrSZRuJ/VKs4KBRStERtLc=
2,-32,CLOjqqctEWomC1u7PSnAc3YDmmk=,bMp9VFrSZRuJ/VKs4KBRStERtLc=
0,-29,CLOjqqctEWomC1u7PSnAc3YDmmk=,bMp9VFrSZRuJ/VKs4KBRStERtLc=
0,-30,CLOjqqctEWomC1u7PSnAc3YDmmk=,bMp9VFrSZRuJ/VKs4KBRStERtLc=
0,-32,CLOjqqctEWomC1u7PSnAc3YDmmk=,bMp9VFrSZRuJ/VKs4KBRStERtLc=
0,-31,CLOjqqctEWomC1u7PSnAc3YDmmk=,bMp9VFrSZRuJ/VKs4KBRStERtLc=
0,-28,CLOjqqctEWomC1u7PSnAc3YDmmk=,WxX2USI48wgrXI1vYjsT5uWh0ug=
4,-28,CLOjqqctEWomC1u7PSnAc3YDmmk=,RfwPaUSxzN5914YwW47JVKpaW20=
3,-31,CLOjqqctEWomC1u7PSnAc3YDmmk=,bMp9VFrSZRuJ/VKs4KBRStERtLc=
3,-28,CLOjqqctEWomC1u7PSnAc3YDmmk=,WxX2USI48wgrXI1vYjsT5uWh0ug=
3,-29,CLOjqqctEWomC1u7PSnAc3YDmmk=,bMp9VFrSZRuJ/VKs4KBRStERtLc=
3,-30,CLOjqqctEWomC1u7PSnAc3YDmmk=,bMp9VFrSZRuJ/VKs4KBRStERtLc=
3,-32,CLOjqqctEWomC1u7PSnAc3YDmmk=,bMp9VFrSZRuJ/VKs4KBRStERtLc=
8,-24,CLOjqqctEWomC1u7PSnAc3YDmmk=,Vdn4eWBr+jNurvbzQO3HVpZUU9g=
7,-25,CLOjqqctEWomC1u7PSnAc3YDmmk=,RfwPaUSxzN5914YwW47JVKpaW20=
15,-23,CLOjqqctEWomC1u7PSnAc3YDmmk=,i11PhEkmvpyKRGu5G7eb4/z8h2I=
15,-22,CLOjqqctEWomC1u7PSnAc3YDmmk=,i11PhEkmvpyKRGu5G7eb4/z8h2I=
15,-27,CLOjqqctEWomC1u7PSnAc3YDmmk=,RCq4BgC8VKqNBd3TBI7ehzXA8kc=
15,-26,CLOjqqctEWomC1u7PSnAc3YDmmk=,RCq4BgC8VKqNBd3TBI7ehzXA8kc=
15,-24,CLOjqqctEWomC1u7PSnAc3YDmmk=,i11PhEkmvpyKRGu5G7eb4/z8h2I=
15,-25,CLOjqqctEWomC1u7PSnAc3YDmmk=,RCq4BgC8VKqNBd3TBI7ehzXA8kc=
15,-18,CLOjqqctEWomC1u7PSnAc3YDmmk=,uC99fgRq4dxlJDnEzoF/T31kDys=
15,-21,CLOjqqctEWomC1u7PSnAc3YDmmk=,i11PhEkmvpyKRGu5G7eb4/z8h2I=
15,-20,CLOjqqctEWomC1u7PSnAc3YDmmk=,uC99fgRq4dxlJDnEzoF/T31kDys=
15,-19,CLOjqqctEWomC1u7PSnAc3YDmmk=,uC99fgRq4dxlJDnEzoF/T31kDys=
12,-17,CLOjqqctEWomC1u7PSnAc3YDmmk=,uC99fgRq4dxlJDnEzoF/T31kDys=
13,-17,CLOjqqctEWomC1u7PSnAc3YDmmk=,uC99fgRq4dxlJDnEzoF/T31kDys=
14,-17,CLOjqqctEWomC1u7PSnAc3YDmmk=,uC99fgRq4dxlJDnEzoF/T31kDys=
15,-17,CLOjqqctEWomC1u7PSnAc3YDmmk=,uC99fgRq4dxlJDnEzoF/T31kDys=
15,-28,CLOjqqctEWomC1u7PSnAc3YDmmk=,RCq4BgC8VKqNBd3TBI7ehzXA8kc=
